round_name,heat_id,heat_name,competition_competitor_id,bib_number,lap_number,rank,lap_time,total_time,result_diff,json_source
Preliminaries,b8af30a1-686a-4ecc-8868-8789412312e6,Heat 1,bc862a99-8b83-474d-a2bb-e51db80b59e1,97,1,2,7.560,7.560,+0.090,seoul_woman
Preliminaries,b8af30a1-686a-4ecc-8868-8789412312e6,Heat 1,bc862a99-8b83-474d-a2bb-e51db80b59e1,97,2,1,9.600,17.160,0.000,seoul_woman
Preliminaries,b8af30a1-686a-4ecc-8868-8789412312e6,Heat 1,bc862a99-8b83-474d-a2bb-e51db80b59e1,97,3,1,9.000,26.160,0.000,seoul_woman
Preliminaries,b8af30a1-686a-4ecc-8868-8789412312e6,Heat 1,bc862a99-8b83-474d-a2bb-e51db80b59e1,97,4,1,9.110,35.270,0.000,seoul_woman
Preliminaries,b8af30a1-686a-4ecc-8868-8789412312e6,Heat 1,bc862a99-8b83-474d-a2bb-e51db80b59e1,97,5,1,9.426,44.696,0.000,seoul_woman
Preliminaries,b8af30a1-686a-4ecc-8868-8789412312e6,Heat 1,6df8a73c-8639-4c0d-bd98-ed669b028868,54,1,1,7.470,7.470,0.000,seoul_woman
Preliminaries,b8af30a1-686a-4ecc-8868-8789412312e6,Heat 1,6df8a73c-8639-4c0d-bd98-ed669b028868,54,2,2,9.730,17.200,+0.040,seoul_woman
Preliminaries,b8af30a1-686a-4ecc-8868-8789412312e6,Heat 1,6df8a73c-8639-4c0d-bd98-ed669b028868,54,3,2,9.070,26.270,+0.110,seoul_woman
Preliminaries,b8af30a1-686a-4ecc-8868-8789412312e6,Heat 1,6df8a73c-8639-4c0d-bd98-ed669b028868,54,4,2,9.130,35.400,+0.130,seoul_woman
Preliminaries,b8af30a1-686a-4ecc-8868-8789412312e6,Heat 1,6df8a73c-8639-4c0d-bd98-ed669b028868,54,5,2,9.447,44.847,+0.151,seoul_woman
Preliminaries,b8af30a1-686a-4ecc-8868-8789412312e6,Heat 1,f5194e5e-0e99-4719-9b22-d05eedfdfec8,42,1,4,7.950,7.950,+0.480,seoul_woman
Preliminaries,b8af30a1-686a-4ecc-8868-8789412312e6,Heat 1,f5194e5e-0e99-4719-9b22-d05eedfdfec8,42,2,4,9.530,17.480,+0.320,seoul_woman
Preliminaries,b8af30a1-686a-4ecc-8868-8789412312e6,Heat 1,f5194e5e-0e99-4719-9b22-d05eedfdfec8,42,3,4,9.030,26.510,+0.350,seoul_woman
Preliminaries,b8af30a1-686a-4ecc-8868-8789412312e6,Heat 1,f5194e5e-0e99-4719-9b22-d05eedfdfec8,42,4,4,9.230,35.740,+0.470,seoul_woman
Preliminaries,b8af30a1-686a-4ecc-8868-8789412312e6,Heat 1,f5194e5e-0e99-4719-9b22-d05eedfdfec8,42,5,3,9.729,45.469,+0.773,seoul_woman
Preliminaries,b8af30a1-686a-4ecc-8868-8789412312e6,Heat 1,9ba3441b-d1b3-4f50-9ff6-7acc67325c81,67,1,3,7.750,7.750,+0.280,seoul_woman
Preliminaries,b8af30a1-686a-4ecc-8868-8789412312e6,Heat 1,9ba3441b-d1b3-4f50-9ff6-7acc67325c81,67,2,3,9.650,17.400,+0.240,seoul_woman
Preliminaries,b8af30a1-686a-4ecc-8868-8789412312e6,Heat 1,9ba3441b-d1b3-4f50-9ff6-7acc67325c81,67,3,3,9.050,26.450,+0.290,seoul_woman
Preliminaries,b8af30a1-686a-4ecc-8868-8789412312e6,Heat 1,9ba3441b-d1b3-4f50-9ff6-7acc67325c81,67,4,3,9.260,35.710,+0.440,seoul_woman
Preliminaries,b8af30a1-686a-4ecc-8868-8789412312e6,Heat 1,9ba3441b-d1b3-4f50-9ff6-7acc67325c81,67,5,4,9.835,45.545,+0.849,seoul_woman
Preliminaries,b8af30a1-686a-4ecc-8868-8789412312e6,Heat 1,f0e78803-4eda-4f29-b7c5-b46339cca8ab,61,1,5,8.310,8.310,+0.840,seoul_woman
Preliminaries,b8af30a1-686a-4ecc-8868-8789412312e6,Heat 1,f0e78803-4eda-4f29-b7c5-b46339cca8ab,61,2,5,9.840,18.150,+0.990,seoul_woman
Preliminaries,b8af30a1-686a-4ecc-8868-8789412312e6,Heat 1,f0e78803-4eda-4f29-b7c5-b46339cca8ab,61,3,5,9.180,27.330,+1.170,seoul_woman
Preliminaries,b8af30a1-686a-4ecc-8868-8789412312e6,Heat 1,f0e78803-4eda-4f29-b7c5-b46339cca8ab,61,4,5,9.270,36.600,+1.330,seoul_woman
Preliminaries,b8af30a1-686a-4ecc-8868-8789412312e6,Heat 1,f0e78803-4eda-4f29-b7c5-b46339cca8ab,61,5,5,9.545,46.145,+1.449,seoul_woman
Preliminaries,123bcaa4-6031-43b2-95c6-b57250281e6f,Heat 2,a0337d9b-d1ea-42e6-b9b3-ac83e0e11cd8,59,1,1,7.330,7.330,0.000,seoul_woman
Preliminaries,123bcaa4-6031-43b2-95c6-b57250281e6f,Heat 2,a0337d9b-d1ea-42e6-b9b3-ac83e0e11cd8,59,2,1,9.540,16.870,0.000,seoul_woman
Preliminaries,123bcaa4-6031-43b2-95c6-b57250281e6f,Heat 2,a0337d9b-d1ea-42e6-b9b3-ac83e0e11cd8,59,3,1,9.240,26.110,0.000,seoul_woman
Preliminaries,123bcaa4-6031-43b2-95c6-b57250281e6f,Heat 2,a0337d9b-d1ea-42e6-b9b3-ac83e0e11cd8,59,4,1,9.410,35.520,0.000,seoul_woman
Preliminaries,123bcaa4-6031-43b2-95c6-b57250281e6f,Heat 2,a0337d9b-d1ea-42e6-b9b3-ac83e0e11cd8,59,5,1,9.799,45.319,0.000,seoul_woman
Preliminaries,123bcaa4-6031-43b2-95c6-b57250281e6f,Heat 2,216b5d89-848a-4830-9fe3-2fba1e366969,39,1,4,7.930,7.930,+0.600,seoul_woman
Preliminaries,123bcaa4-6031-43b2-95c6-b57250281e6f,Heat 2,216b5d89-848a-4830-9fe3-2fba1e366969,39,2,4,9.540,17.470,+0.600,seoul_woman
Preliminaries,123bcaa4-6031-43b2-95c6-b57250281e6f,Heat 2,216b5d89-848a-4830-9fe3-2fba1e366969,39,3,4,9.160,26.630,+0.520,seoul_woman
Preliminaries,123bcaa4-6031-43b2-95c6-b57250281e6f,Heat 2,216b5d89-848a-4830-9fe3-2fba1e366969,39,4,4,9.300,35.930,+0.410,seoul_woman
Preliminaries,123bcaa4-6031-43b2-95c6-b57250281e6f,Heat 2,216b5d89-848a-4830-9fe3-2fba1e366969,39,5,2,9.502,45.432,+0.113,seoul_woman
Preliminaries,123bcaa4-6031-43b2-95c6-b57250281e6f,Heat 2,0ed93a45-a373-484c-a61b-061e55ce2e53,60,1,2,7.610,7.610,+0.280,seoul_woman
Preliminaries,123bcaa4-6031-43b2-95c6-b57250281e6f,Heat 2,0ed93a45-a373-484c-a61b-061e55ce2e53,60,2,2,9.650,17.260,+0.390,seoul_woman
Preliminaries,123bcaa4-6031-43b2-95c6-b57250281e6f,Heat 2,0ed93a45-a373-484c-a61b-061e55ce2e53,60,3,2,9.120,26.380,+0.270,seoul_woman
Preliminaries,123bcaa4-6031-43b2-95c6-b57250281e6f,Heat 2,0ed93a45-a373-484c-a61b-061e55ce2e53,60,4,2,9.310,35.690,+0.170,seoul_woman
Preliminaries,123bcaa4-6031-43b2-95c6-b57250281e6f,Heat 2,0ed93a45-a373-484c-a61b-061e55ce2e53,60,5,3,9.822,45.512,+0.193,seoul_woman
Preliminaries,123bcaa4-6031-43b2-95c6-b57250281e6f,Heat 2,1a4e97a0-fb9c-4cd5-95e8-69ffcc700069,108,1,3,7.720,7.720,+0.390,seoul_woman
Preliminaries,123bcaa4-6031-43b2-95c6-b57250281e6f,Heat 2,1a4e97a0-fb9c-4cd5-95e8-69ffcc700069,108,2,3,9.650,17.370,+0.500,seoul_woman
Preliminaries,123bcaa4-6031-43b2-95c6-b57250281e6f,Heat 2,1a4e97a0-fb9c-4cd5-95e8-69ffcc700069,108,3,3,9.130,26.500,+0.390,seoul_woman
Preliminaries,123bcaa4-6031-43b2-95c6-b57250281e6f,Heat 2,1a4e97a0-fb9c-4cd5-95e8-69ffcc700069,108,4,3,9.340,35.840,+0.320,seoul_woman
Preliminaries,123bcaa4-6031-43b2-95c6-b57250281e6f,Heat 2,1a4e97a0-fb9c-4cd5-95e8-69ffcc700069,108,5,4,9.730,45.570,+0.251,seoul_woman
Preliminaries,123bcaa4-6031-43b2-95c6-b57250281e6f,Heat 2,b73a6ef5-604a-4a64-80d5-f13e2d5d9626,110,1,5,8.050,8.050,+0.720,seoul_woman
Preliminaries,123bcaa4-6031-43b2-95c6-b57250281e6f,Heat 2,b73a6ef5-604a-4a64-80d5-f13e2d5d9626,110,2,5,9.730,17.780,+0.910,seoul_woman
Preliminaries,123bcaa4-6031-43b2-95c6-b57250281e6f,Heat 2,b73a6ef5-604a-4a64-80d5-f13e2d5d9626,110,3,5,9.330,27.110,+1.000,seoul_woman
Preliminaries,123bcaa4-6031-43b2-95c6-b57250281e6f,Heat 2,b73a6ef5-604a-4a64-80d5-f13e2d5d9626,110,4,5,9.590,36.700,+1.180,seoul_woman
Preliminaries,123bcaa4-6031-43b2-95c6-b57250281e6f,Heat 2,b73a6ef5-604a-4a64-80d5-f13e2d5d9626,110,5,5,9.913,46.613,+1.294,seoul_woman
Preliminaries,b6d1d4c0-85ca-4b09-800b-28e3dd174685,Heat 3,bce0f8e1-9172-4cd2-9396-25fca65dcff4,18,1,1,7.310,7.310,0.000,seoul_woman
Preliminaries,b6d1d4c0-85ca-4b09-800b-28e3dd174685,Heat 3,bce0f8e1-9172-4cd2-9396-25fca65dcff4,18,2,1,9.480,16.790,0.000,seoul_woman
Preliminaries,b6d1d4c0-85ca-4b09-800b-28e3dd174685,Heat 3,bce0f8e1-9172-4cd2-9396-25fca65dcff4,18,3,1,9.100,25.890,0.000,seoul_woman
Preliminaries,b6d1d4c0-85ca-4b09-800b-28e3dd174685,Heat 3,bce0f8e1-9172-4cd2-9396-25fca65dcff4,18,4,1,9.230,35.120,0.000,seoul_woman
Preliminaries,b6d1d4c0-85ca-4b09-800b-28e3dd174685,Heat 3,bce0f8e1-9172-4cd2-9396-25fca65dcff4,18,5,1,9.469,44.589,0.000,seoul_woman
Preliminaries,b6d1d4c0-85ca-4b09-800b-28e3dd174685,Heat 3,c9102b97-afc8-4faf-9150-06b16d73b3a5,25,1,2,7.530,7.530,+0.220,seoul_woman
Preliminaries,b6d1d4c0-85ca-4b09-800b-28e3dd174685,Heat 3,c9102b97-afc8-4faf-9150-06b16d73b3a5,25,2,2,9.390,16.920,+0.130,seoul_woman
Preliminaries,b6d1d4c0-85ca-4b09-800b-28e3dd174685,Heat 3,c9102b97-afc8-4faf-9150-06b16d73b3a5,25,3,2,9.130,26.050,+0.160,seoul_woman
Preliminaries,b6d1d4c0-85ca-4b09-800b-28e3dd174685,Heat 3,c9102b97-afc8-4faf-9150-06b16d73b3a5,25,4,2,9.160,35.210,+0.090,seoul_woman
Preliminaries,b6d1d4c0-85ca-4b09-800b-28e3dd174685,Heat 3,c9102b97-afc8-4faf-9150-06b16d73b3a5,25,5,2,9.446,44.656,+0.067,seoul_woman
Preliminaries,b6d1d4c0-85ca-4b09-800b-28e3dd174685,Heat 3,9ad68731-3b70-4e4d-958b-a87b096ba0f5,72,1,3,7.690,7.690,+0.380,seoul_woman
Preliminaries,b6d1d4c0-85ca-4b09-800b-28e3dd174685,Heat 3,9ad68731-3b70-4e4d-958b-a87b096ba0f5,72,2,3,9.500,17.190,+0.400,seoul_woman
Preliminaries,b6d1d4c0-85ca-4b09-800b-28e3dd174685,Heat 3,9ad68731-3b70-4e4d-958b-a87b096ba0f5,72,3,3,8.960,26.150,+0.260,seoul_woman
Preliminaries,b6d1d4c0-85ca-4b09-800b-28e3dd174685,Heat 3,9ad68731-3b70-4e4d-958b-a87b096ba0f5,72,4,3,9.190,35.340,+0.220,seoul_woman
Preliminaries,b6d1d4c0-85ca-4b09-800b-28e3dd174685,Heat 3,9ad68731-3b70-4e4d-958b-a87b096ba0f5,72,5,3,9.416,44.756,+0.167,seoul_woman
Preliminaries,b6d1d4c0-85ca-4b09-800b-28e3dd174685,Heat 3,fca96d99-224c-4897-af3e-19dca0041f5d,96,1,4,7.830,7.830,+0.520,seoul_woman
Preliminaries,b6d1d4c0-85ca-4b09-800b-28e3dd174685,Heat 3,fca96d99-224c-4897-af3e-19dca0041f5d,96,2,4,9.620,17.450,+0.660,seoul_woman
Preliminaries,b6d1d4c0-85ca-4b09-800b-28e3dd174685,Heat 3,fca96d99-224c-4897-af3e-19dca0041f5d,96,3,4,9.220,26.670,+0.780,seoul_woman
Preliminaries,b6d1d4c0-85ca-4b09-800b-28e3dd174685,Heat 3,fca96d99-224c-4897-af3e-19dca0041f5d,96,4,4,9.410,36.080,+0.960,seoul_woman
Preliminaries,b6d1d4c0-85ca-4b09-800b-28e3dd174685,Heat 3,fca96d99-224c-4897-af3e-19dca0041f5d,96,5,4,9.861,45.941,+1.352,seoul_woman
Preliminaries,5fcdc159-ba75-4b8c-83b1-b31395c89c78,Heat 4,e419decc-5bcf-40ac-aa0f-2910567c563e,58,1,1,7.410,7.410,0.000,seoul_woman
Preliminaries,5fcdc159-ba75-4b8c-83b1-b31395c89c78,Heat 4,e419decc-5bcf-40ac-aa0f-2910567c563e,58,2,1,9.720,17.130,0.000,seoul_woman
Preliminaries,5fcdc159-ba75-4b8c-83b1-b31395c89c78,Heat 4,e419decc-5bcf-40ac-aa0f-2910567c563e,58,3,1,9.200,26.330,0.000,seoul_woman
Preliminaries,5fcdc159-ba75-4b8c-83b1-b31395c89c78,Heat 4,e419decc-5bcf-40ac-aa0f-2910567c563e,58,4,1,9.410,35.740,0.000,seoul_woman
Preliminaries,5fcdc159-ba75-4b8c-83b1-b31395c89c78,Heat 4,e419decc-5bcf-40ac-aa0f-2910567c563e,58,5,1,9.664,45.404,0.000,seoul_woman
Preliminaries,5fcdc159-ba75-4b8c-83b1-b31395c89c78,Heat 4,63eaa77e-e1ab-4d81-b03e-55a196ee247d,89,1,3,7.850,7.850,+0.440,seoul_woman
Preliminaries,5fcdc159-ba75-4b8c-83b1-b31395c89c78,Heat 4,63eaa77e-e1ab-4d81-b03e-55a196ee247d,89,2,3,9.700,17.550,+0.420,seoul_woman
Preliminaries,5fcdc159-ba75-4b8c-83b1-b31395c89c78,Heat 4,63eaa77e-e1ab-4d81-b03e-55a196ee247d,89,3,2,9.010,26.560,+0.230,seoul_woman
Preliminaries,5fcdc159-ba75-4b8c-83b1-b31395c89c78,Heat 4,63eaa77e-e1ab-4d81-b03e-55a196ee247d,89,4,2,9.260,35.820,+0.080,seoul_woman
Preliminaries,5fcdc159-ba75-4b8c-83b1-b31395c89c78,Heat 4,63eaa77e-e1ab-4d81-b03e-55a196ee247d,89,5,2,9.676,45.496,+0.092,seoul_woman
Preliminaries,5fcdc159-ba75-4b8c-83b1-b31395c89c78,Heat 4,68682767-ef3c-4b4d-8031-c4ffa3f26404,80,1,4,8.090,8.090,+0.680,seoul_woman
Preliminaries,5fcdc159-ba75-4b8c-83b1-b31395c89c78,Heat 4,68682767-ef3c-4b4d-8031-c4ffa3f26404,80,2,4,9.690,17.780,+0.650,seoul_woman
Preliminaries,5fcdc159-ba75-4b8c-83b1-b31395c89c78,Heat 4,68682767-ef3c-4b4d-8031-c4ffa3f26404,80,3,4,9.030,26.810,+0.480,seoul_woman
Preliminaries,5fcdc159-ba75-4b8c-83b1-b31395c89c78,Heat 4,68682767-ef3c-4b4d-8031-c4ffa3f26404,80,4,3,9.160,35.970,+0.230,seoul_woman
Preliminaries,5fcdc159-ba75-4b8c-83b1-b31395c89c78,Heat 4,68682767-ef3c-4b4d-8031-c4ffa3f26404,80,5,3,9.595,45.565,+0.161,seoul_woman
Preliminaries,5fcdc159-ba75-4b8c-83b1-b31395c89c78,Heat 4,7559aa92-cebb-452b-833f-d4b2850033c1,83,1,2,7.700,7.700,+0.290,seoul_woman
Preliminaries,5fcdc159-ba75-4b8c-83b1-b31395c89c78,Heat 4,7559aa92-cebb-452b-833f-d4b2850033c1,83,2,2,9.760,17.460,+0.330,seoul_woman
Preliminaries,5fcdc159-ba75-4b8c-83b1-b31395c89c78,Heat 4,7559aa92-cebb-452b-833f-d4b2850033c1,83,3,3,9.250,26.710,+0.380,seoul_woman
Preliminaries,5fcdc159-ba75-4b8c-83b1-b31395c89c78,Heat 4,7559aa92-cebb-452b-833f-d4b2850033c1,83,4,4,9.430,36.140,+0.400,seoul_woman
Preliminaries,5fcdc159-ba75-4b8c-83b1-b31395c89c78,Heat 4,7559aa92-cebb-452b-833f-d4b2850033c1,83,5,4,9.531,45.671,+0.267,seoul_woman
Preliminaries,facc70a8-06d9-42b5-aabf-977ea04e54a1,Heat 5,53c63257-c759-4293-8f77-23dcd451234b,50,1,1,7.740,7.740,0.000,seoul_woman
Preliminaries,facc70a8-06d9-42b5-aabf-977ea04e54a1,Heat 5,53c63257-c759-4293-8f77-23dcd451234b,50,2,1,9.750,17.490,0.000,seoul_woman
Preliminaries,facc70a8-06d9-42b5-aabf-977ea04e54a1,Heat 5,53c63257-c759-4293-8f77-23dcd451234b,50,3,1,9.110,26.600,0.000,seoul_woman
Preliminaries,facc70a8-06d9-42b5-aabf-977ea04e54a1,Heat 5,53c63257-c759-4293-8f77-23dcd451234b,50,4,1,9.310,35.910,0.000,seoul_woman
Preliminaries,facc70a8-06d9-42b5-aabf-977ea04e54a1,Heat 5,53c63257-c759-4293-8f77-23dcd451234b,50,5,1,9.593,45.503,0.000,seoul_woman
Preliminaries,facc70a8-06d9-42b5-aabf-977ea04e54a1,Heat 5,9a11aa40-3413-4817-a662-2c5c700ff511,68,1,4,8.100,8.100,+0.360,seoul_woman
Preliminaries,facc70a8-06d9-42b5-aabf-977ea04e54a1,Heat 5,9a11aa40-3413-4817-a662-2c5c700ff511,68,2,3,9.690,17.790,+0.300,seoul_woman
Preliminaries,facc70a8-06d9-42b5-aabf-977ea04e54a1,Heat 5,9a11aa40-3413-4817-a662-2c5c700ff511,68,3,3,9.000,26.790,+0.190,seoul_woman
Preliminaries,facc70a8-06d9-42b5-aabf-977ea04e54a1,Heat 5,9a11aa40-3413-4817-a662-2c5c700ff511,68,4,2,9.240,36.030,+0.120,seoul_woman
Preliminaries,facc70a8-06d9-42b5-aabf-977ea04e54a1,Heat 5,9a11aa40-3413-4817-a662-2c5c700ff511,68,5,2,9.532,45.562,+0.059,seoul_woman
Preliminaries,facc70a8-06d9-42b5-aabf-977ea04e54a1,Heat 5,7cb688bb-5c6c-4a9e-b4a8-880eced53c45,55,1,2,7.850,7.850,+0.110,seoul_woman
Preliminaries,facc70a8-06d9-42b5-aabf-977ea04e54a1,Heat 5,7cb688bb-5c6c-4a9e-b4a8-880eced53c45,55,2,2,9.710,17.560,+0.070,seoul_woman
Preliminaries,facc70a8-06d9-42b5-aabf-977ea04e54a1,Heat 5,7cb688bb-5c6c-4a9e-b4a8-880eced53c45,55,3,2,9.110,26.670,+0.070,seoul_woman
Preliminaries,facc70a8-06d9-42b5-aabf-977ea04e54a1,Heat 5,7cb688bb-5c6c-4a9e-b4a8-880eced53c45,55,4,3,9.430,36.100,+0.190,seoul_woman
Preliminaries,facc70a8-06d9-42b5-aabf-977ea04e54a1,Heat 5,7cb688bb-5c6c-4a9e-b4a8-880eced53c45,55,5,3,9.751,45.851,+0.348,seoul_woman
Preliminaries,facc70a8-06d9-42b5-aabf-977ea04e54a1,Heat 5,499b3fda-e391-479f-a02c-df47ec4040b7,109,1,3,8.080,8.080,+0.340,seoul_woman
Preliminaries,facc70a8-06d9-42b5-aabf-977ea04e54a1,Heat 5,499b3fda-e391-479f-a02c-df47ec4040b7,109,2,4,10.270,18.350,+0.860,seoul_woman
Preliminaries,facc70a8-06d9-42b5-aabf-977ea04e54a1,Heat 5,499b3fda-e391-479f-a02c-df47ec4040b7,109,3,4,9.790,28.140,+1.540,seoul_woman
Preliminaries,facc70a8-06d9-42b5-aabf-977ea04e54a1,Heat 5,499b3fda-e391-479f-a02c-df47ec4040b7,109,4,4,9.740,37.880,+1.970,seoul_woman
Preliminaries,facc70a8-06d9-42b5-aabf-977ea04e54a1,Heat 5,499b3fda-e391-479f-a02c-df47ec4040b7,109,5,4,10.082,47.962,+2.459,seoul_woman
Preliminaries,90fda20f-6112-4245-81b2-c7f2bdad9f19,Heat 6,1ecda08f-2010-46d9-bf7a-a4696ab84c31,94,1,2,7.590,7.590,+0.080,seoul_woman
Preliminaries,90fda20f-6112-4245-81b2-c7f2bdad9f19,Heat 6,1ecda08f-2010-46d9-bf7a-a4696ab84c31,94,2,2,9.700,17.290,+0.100,seoul_woman
Preliminaries,90fda20f-6112-4245-81b2-c7f2bdad9f19,Heat 6,1ecda08f-2010-46d9-bf7a-a4696ab84c31,94,3,2,9.210,26.500,+0.030,seoul_woman
Preliminaries,90fda20f-6112-4245-81b2-c7f2bdad9f19,Heat 6,1ecda08f-2010-46d9-bf7a-a4696ab84c31,94,4,1,9.310,35.810,0.000,seoul_woman
Preliminaries,90fda20f-6112-4245-81b2-c7f2bdad9f19,Heat 6,1ecda08f-2010-46d9-bf7a-a4696ab84c31,94,5,1,9.615,45.425,0.000,seoul_woman
Preliminaries,90fda20f-6112-4245-81b2-c7f2bdad9f19,Heat 6,70bef581-29d2-476b-9d05-856b8b2b1016,78,1,1,7.510,7.510,0.000,seoul_woman
Preliminaries,90fda20f-6112-4245-81b2-c7f2bdad9f19,Heat 6,70bef581-29d2-476b-9d05-856b8b2b1016,78,2,1,9.680,17.190,0.000,seoul_woman
Preliminaries,90fda20f-6112-4245-81b2-c7f2bdad9f19,Heat 6,70bef581-29d2-476b-9d05-856b8b2b1016,78,3,1,9.280,26.470,0.000,seoul_woman
Preliminaries,90fda20f-6112-4245-81b2-c7f2bdad9f19,Heat 6,70bef581-29d2-476b-9d05-856b8b2b1016,78,4,2,9.500,35.970,+0.160,seoul_woman
Preliminaries,90fda20f-6112-4245-81b2-c7f2bdad9f19,Heat 6,70bef581-29d2-476b-9d05-856b8b2b1016,78,5,2,9.749,45.719,+0.294,seoul_woman
Preliminaries,90fda20f-6112-4245-81b2-c7f2bdad9f19,Heat 6,9a80c6d5-649b-44fe-86d4-fb90b2c8c654,69,1,3,7.620,7.620,+0.110,seoul_woman
Preliminaries,90fda20f-6112-4245-81b2-c7f2bdad9f19,Heat 6,9a80c6d5-649b-44fe-86d4-fb90b2c8c654,69,2,4,10.250,17.870,+0.680,seoul_woman
Preliminaries,90fda20f-6112-4245-81b2-c7f2bdad9f19,Heat 6,9a80c6d5-649b-44fe-86d4-fb90b2c8c654,69,3,4,9.270,27.140,+0.670,seoul_woman
Preliminaries,90fda20f-6112-4245-81b2-c7f2bdad9f19,Heat 6,9a80c6d5-649b-44fe-86d4-fb90b2c8c654,69,4,3,9.420,36.560,+0.750,seoul_woman
Preliminaries,90fda20f-6112-4245-81b2-c7f2bdad9f19,Heat 6,9a80c6d5-649b-44fe-86d4-fb90b2c8c654,69,5,3,9.863,46.423,+0.998,seoul_woman
Preliminaries,90fda20f-6112-4245-81b2-c7f2bdad9f19,Heat 6,e6743169-d987-4228-ba95-6ad0cb5b7ae5,103,1,4,7.840,7.840,+0.330,seoul_woman
Preliminaries,90fda20f-6112-4245-81b2-c7f2bdad9f19,Heat 6,e6743169-d987-4228-ba95-6ad0cb5b7ae5,103,2,3,9.830,17.670,+0.480,seoul_woman
Preliminaries,90fda20f-6112-4245-81b2-c7f2bdad9f19,Heat 6,e6743169-d987-4228-ba95-6ad0cb5b7ae5,103,3,3,9.370,27.040,+0.570,seoul_woman
Preliminaries,90fda20f-6112-4245-81b2-c7f2bdad9f19,Heat 6,e6743169-d987-4228-ba95-6ad0cb5b7ae5,103,4,4,9.760,36.800,+0.990,seoul_woman
Heats,8d6ce0ee-9cef-4419-848c-536ff33e6718,Heat 1,e59a1327-d3f9-484f-a685-4d44a869bfbf,3,1,1,7.130,7.130,0.000,seoul_woman
Heats,8d6ce0ee-9cef-4419-848c-536ff33e6718,Heat 1,e59a1327-d3f9-484f-a685-4d44a869bfbf,3,2,1,9.070,16.200,0.000,seoul_woman
Heats,8d6ce0ee-9cef-4419-848c-536ff33e6718,Heat 1,e59a1327-d3f9-484f-a685-4d44a869bfbf,3,3,1,8.710,24.910,0.000,seoul_woman
Heats,8d6ce0ee-9cef-4419-848c-536ff33e6718,Heat 1,e59a1327-d3f9-484f-a685-4d44a869bfbf,3,4,1,9.040,33.950,0.000,seoul_woman
Heats,8d6ce0ee-9cef-4419-848c-536ff33e6718,Heat 1,e59a1327-d3f9-484f-a685-4d44a869bfbf,3,5,1,9.374,43.324,0.000,seoul_woman
Heats,8d6ce0ee-9cef-4419-848c-536ff33e6718,Heat 1,f0868a34-8fcf-4ba3-b9f8-893125d80fe3,105,1,2,7.240,7.240,+0.110,seoul_woman
Heats,8d6ce0ee-9cef-4419-848c-536ff33e6718,Heat 1,f0868a34-8fcf-4ba3-b9f8-893125d80fe3,105,2,2,9.060,16.300,+0.100,seoul_woman
Heats,8d6ce0ee-9cef-4419-848c-536ff33e6718,Heat 1,f0868a34-8fcf-4ba3-b9f8-893125d80fe3,105,3,2,8.690,24.990,+0.080,seoul_woman
Heats,8d6ce0ee-9cef-4419-848c-536ff33e6718,Heat 1,f0868a34-8fcf-4ba3-b9f8-893125d80fe3,105,4,2,9.000,33.990,+0.040,seoul_woman
Heats,8d6ce0ee-9cef-4419-848c-536ff33e6718,Heat 1,f0868a34-8fcf-4ba3-b9f8-893125d80fe3,105,5,2,9.379,43.369,+0.045,seoul_woman
Heats,8d6ce0ee-9cef-4419-848c-536ff33e6718,Heat 1,3b92e263-959d-4148-bc28-6b249321e65a,86,1,3,7.430,7.430,+0.300,seoul_woman
Heats,8d6ce0ee-9cef-4419-848c-536ff33e6718,Heat 1,3b92e263-959d-4148-bc28-6b249321e65a,86,2,3,9.170,16.600,+0.400,seoul_woman
Heats,8d6ce0ee-9cef-4419-848c-536ff33e6718,Heat 1,3b92e263-959d-4148-bc28-6b249321e65a,86,3,3,8.790,25.390,+0.480,seoul_woman
Heats,8d6ce0ee-9cef-4419-848c-536ff33e6718,Heat 1,3b92e263-959d-4148-bc28-6b249321e65a,86,4,3,8.830,34.220,+0.270,seoul_woman
Heats,8d6ce0ee-9cef-4419-848c-536ff33e6718,Heat 1,3b92e263-959d-4148-bc28-6b249321e65a,86,5,3,9.195,43.415,+0.091,seoul_woman
Heats,8d6ce0ee-9cef-4419-848c-536ff33e6718,Heat 1,70bef581-29d2-476b-9d05-856b8b2b1016,78,1,4,7.690,7.690,+0.560,seoul_woman
Heats,8d6ce0ee-9cef-4419-848c-536ff33e6718,Heat 1,70bef581-29d2-476b-9d05-856b8b2b1016,78,2,4,9.330,17.020,+0.820,seoul_woman
Heats,8d6ce0ee-9cef-4419-848c-536ff33e6718,Heat 1,70bef581-29d2-476b-9d05-856b8b2b1016,78,3,4,9.010,26.030,+1.120,seoul_woman
Heats,8d6ce0ee-9cef-4419-848c-536ff33e6718,Heat 1,70bef581-29d2-476b-9d05-856b8b2b1016,78,4,4,9.250,35.280,+1.330,seoul_woman
Heats,8d6ce0ee-9cef-4419-848c-536ff33e6718,Heat 1,70bef581-29d2-476b-9d05-856b8b2b1016,78,5,4,9.697,44.977,+1.653,seoul_woman
Heats,8d6ce0ee-9cef-4419-848c-536ff33e6718,Heat 1,9ad68731-3b70-4e4d-958b-a87b096ba0f5,72,1,5,7.960,7.960,+0.830,seoul_woman
Heats,8d6ce0ee-9cef-4419-848c-536ff33e6718,Heat 1,9ad68731-3b70-4e4d-958b-a87b096ba0f5,72,2,5,9.460,17.420,+1.220,seoul_woman
Heats,8d6ce0ee-9cef-4419-848c-536ff33e6718,Heat 1,9ad68731-3b70-4e4d-958b-a87b096ba0f5,72,3,5,9.090,26.510,+1.600,seoul_woman
Heats,8d6ce0ee-9cef-4419-848c-536ff33e6718,Heat 1,9ad68731-3b70-4e4d-958b-a87b096ba0f5,72,4,5,9.420,35.930,+1.980,seoul_woman
Heats,8d6ce0ee-9cef-4419-848c-536ff33e6718,Heat 1,9ad68731-3b70-4e4d-958b-a87b096ba0f5,72,5,5,9.739,45.669,+2.345,seoul_woman
Heats,012cf3bf-9a21-46b9-9b1f-b3a2863e8f42,Heat 2,7f93311a-945e-438a-a403-9a4a0fe55a3b,32,1,1,7.120,7.120,0.000,seoul_woman
Heats,012cf3bf-9a21-46b9-9b1f-b3a2863e8f42,Heat 2,7f93311a-945e-438a-a403-9a4a0fe55a3b,32,2,1,9.380,16.500,0.000,seoul_woman
Heats,012cf3bf-9a21-46b9-9b1f-b3a2863e8f42,Heat 2,7f93311a-945e-438a-a403-9a4a0fe55a3b,32,3,1,8.810,25.310,0.000,seoul_woman
Heats,012cf3bf-9a21-46b9-9b1f-b3a2863e8f42,Heat 2,7f93311a-945e-438a-a403-9a4a0fe55a3b,32,4,1,8.860,34.170,0.000,seoul_woman
Heats,012cf3bf-9a21-46b9-9b1f-b3a2863e8f42,Heat 2,7f93311a-945e-438a-a403-9a4a0fe55a3b,32,5,1,9.208,43.378,0.000,seoul_woman
Heats,012cf3bf-9a21-46b9-9b1f-b3a2863e8f42,Heat 2,50cb4da6-cb12-4c2c-a4e8-af0321e5425c,45,1,3,7.470,7.470,+0.350,seoul_woman
Heats,012cf3bf-9a21-46b9-9b1f-b3a2863e8f42,Heat 2,50cb4da6-cb12-4c2c-a4e8-af0321e5425c,45,2,3,9.330,16.800,+0.300,seoul_woman
Heats,012cf3bf-9a21-46b9-9b1f-b3a2863e8f42,Heat 2,50cb4da6-cb12-4c2c-a4e8-af0321e5425c,45,3,2,8.650,25.450,+0.140,seoul_woman
Heats,012cf3bf-9a21-46b9-9b1f-b3a2863e8f42,Heat 2,50cb4da6-cb12-4c2c-a4e8-af0321e5425c,45,4,2,9.000,34.450,+0.280,seoul_woman
Heats,012cf3bf-9a21-46b9-9b1f-b3a2863e8f42,Heat 2,50cb4da6-cb12-4c2c-a4e8-af0321e5425c,45,5,2,9.140,43.590,+0.212,seoul_woman
Heats,012cf3bf-9a21-46b9-9b1f-b3a2863e8f42,Heat 2,165b73ae-ea23-4503-8477-9b35f736bf84,40,1,2,7.370,7.370,+0.250,seoul_woman
Heats,012cf3bf-9a21-46b9-9b1f-b3a2863e8f42,Heat 2,165b73ae-ea23-4503-8477-9b35f736bf84,40,2,2,9.290,16.660,+0.160,seoul_woman
Heats,012cf3bf-9a21-46b9-9b1f-b3a2863e8f42,Heat 2,165b73ae-ea23-4503-8477-9b35f736bf84,40,3,3,8.940,25.600,+0.290,seoul_woman
Heats,012cf3bf-9a21-46b9-9b1f-b3a2863e8f42,Heat 2,165b73ae-ea23-4503-8477-9b35f736bf84,40,4,3,9.070,34.670,+0.500,seoul_woman
Heats,012cf3bf-9a21-46b9-9b1f-b3a2863e8f42,Heat 2,165b73ae-ea23-4503-8477-9b35f736bf84,40,5,3,9.314,43.984,+0.606,seoul_woman
Heats,012cf3bf-9a21-46b9-9b1f-b3a2863e8f42,Heat 2,9a11aa40-3413-4817-a662-2c5c700ff511,68,1,4,7.820,7.820,+0.700,seoul_woman
Heats,012cf3bf-9a21-46b9-9b1f-b3a2863e8f42,Heat 2,9a11aa40-3413-4817-a662-2c5c700ff511,68,2,5,9.720,17.540,+1.040,seoul_woman
Heats,012cf3bf-9a21-46b9-9b1f-b3a2863e8f42,Heat 2,9a11aa40-3413-4817-a662-2c5c700ff511,68,3,5,9.130,26.670,+1.360,seoul_woman
Heats,012cf3bf-9a21-46b9-9b1f-b3a2863e8f42,Heat 2,9a11aa40-3413-4817-a662-2c5c700ff511,68,4,4,9.110,35.780,+1.610,seoul_woman
Heats,012cf3bf-9a21-46b9-9b1f-b3a2863e8f42,Heat 2,9a11aa40-3413-4817-a662-2c5c700ff511,68,5,4,9.353,45.133,+1.755,seoul_woman
Heats,012cf3bf-9a21-46b9-9b1f-b3a2863e8f42,Heat 2,f5194e5e-0e99-4719-9b22-d05eedfdfec8,42,1,4,7.820,7.820,+0.700,seoul_woman
Heats,012cf3bf-9a21-46b9-9b1f-b3a2863e8f42,Heat 2,f5194e5e-0e99-4719-9b22-d05eedfdfec8,42,2,4,9.630,17.450,+0.950,seoul_woman
Heats,012cf3bf-9a21-46b9-9b1f-b3a2863e8f42,Heat 2,f5194e5e-0e99-4719-9b22-d05eedfdfec8,42,3,4,9.090,26.540,+1.230,seoul_woman
Heats,012cf3bf-9a21-46b9-9b1f-b3a2863e8f42,Heat 2,f5194e5e-0e99-4719-9b22-d05eedfdfec8,42,4,5,9.370,35.910,+1.740,seoul_woman
Heats,012cf3bf-9a21-46b9-9b1f-b3a2863e8f42,Heat 2,f5194e5e-0e99-4719-9b22-d05eedfdfec8,42,5,5,9.458,45.368,+1.990,seoul_woman
Heats,65c1891d-fce4-4bc5-9516-69a6deeee6fe,Heat 3,5f41d2e8-95ba-4d77-a0e0-2849b475b983,4,1,1,7.260,7.260,0.000,seoul_woman
Heats,65c1891d-fce4-4bc5-9516-69a6deeee6fe,Heat 3,5f41d2e8-95ba-4d77-a0e0-2849b475b983,4,2,1,9.430,16.690,0.000,seoul_woman
Heats,65c1891d-fce4-4bc5-9516-69a6deeee6fe,Heat 3,5f41d2e8-95ba-4d77-a0e0-2849b475b983,4,3,1,8.910,25.600,0.000,seoul_woman
Heats,65c1891d-fce4-4bc5-9516-69a6deeee6fe,Heat 3,5f41d2e8-95ba-4d77-a0e0-2849b475b983,4,4,1,9.020,34.620,0.000,seoul_woman
Heats,65c1891d-fce4-4bc5-9516-69a6deeee6fe,Heat 3,5f41d2e8-95ba-4d77-a0e0-2849b475b983,4,5,1,9.321,43.941,0.000,seoul_woman
Heats,65c1891d-fce4-4bc5-9516-69a6deeee6fe,Heat 3,e75e89fe-2989-441b-b579-cdbe5deb05dc,5,1,2,7.450,7.450,+0.190,seoul_woman
Heats,65c1891d-fce4-4bc5-9516-69a6deeee6fe,Heat 3,e75e89fe-2989-441b-b579-cdbe5deb05dc,5,2,2,9.320,16.770,+0.080,seoul_woman
Heats,65c1891d-fce4-4bc5-9516-69a6deeee6fe,Heat 3,e75e89fe-2989-441b-b579-cdbe5deb05dc,5,3,2,8.910,25.680,+0.080,seoul_woman
Heats,65c1891d-fce4-4bc5-9516-69a6deeee6fe,Heat 3,e75e89fe-2989-441b-b579-cdbe5deb05dc,5,4,2,9.050,34.730,+0.110,seoul_woman
Heats,65c1891d-fce4-4bc5-9516-69a6deeee6fe,Heat 3,e75e89fe-2989-441b-b579-cdbe5deb05dc,5,5,2,9.294,44.024,+0.083,seoul_woman
Heats,65c1891d-fce4-4bc5-9516-69a6deeee6fe,Heat 3,8df9fd76-b493-434e-9a57-e850fc7893a8,82,1,3,7.580,7.580,+0.320,seoul_woman
Heats,65c1891d-fce4-4bc5-9516-69a6deeee6fe,Heat 3,8df9fd76-b493-434e-9a57-e850fc7893a8,82,2,3,9.290,16.870,+0.180,seoul_woman
Heats,65c1891d-fce4-4bc5-9516-69a6deeee6fe,Heat 3,8df9fd76-b493-434e-9a57-e850fc7893a8,82,3,3,8.930,25.800,+0.200,seoul_woman
Heats,65c1891d-fce4-4bc5-9516-69a6deeee6fe,Heat 3,8df9fd76-b493-434e-9a57-e850fc7893a8,82,4,3,8.970,34.770,+0.150,seoul_woman
Heats,65c1891d-fce4-4bc5-9516-69a6deeee6fe,Heat 3,8df9fd76-b493-434e-9a57-e850fc7893a8,82,5,3,9.318,44.088,+0.147,seoul_woman
Heats,65c1891d-fce4-4bc5-9516-69a6deeee6fe,Heat 3,63eaa77e-e1ab-4d81-b03e-55a196ee247d,89,1,4,7.690,7.690,+0.430,seoul_woman
Heats,65c1891d-fce4-4bc5-9516-69a6deeee6fe,Heat 3,63eaa77e-e1ab-4d81-b03e-55a196ee247d,89,2,4,9.320,17.010,+0.320,seoul_woman
Heats,65c1891d-fce4-4bc5-9516-69a6deeee6fe,Heat 3,63eaa77e-e1ab-4d81-b03e-55a196ee247d,89,3,4,8.910,25.920,+0.320,seoul_woman
Heats,65c1891d-fce4-4bc5-9516-69a6deeee6fe,Heat 3,63eaa77e-e1ab-4d81-b03e-55a196ee247d,89,4,4,8.930,34.850,+0.230,seoul_woman
Heats,65c1891d-fce4-4bc5-9516-69a6deeee6fe,Heat 3,63eaa77e-e1ab-4d81-b03e-55a196ee247d,89,5,4,9.440,44.290,+0.349,seoul_woman
Heats,65c1891d-fce4-4bc5-9516-69a6deeee6fe,Heat 3,68682767-ef3c-4b4d-8031-c4ffa3f26404,80,1,5,8.080,8.080,+0.820,seoul_woman
Heats,65c1891d-fce4-4bc5-9516-69a6deeee6fe,Heat 3,68682767-ef3c-4b4d-8031-c4ffa3f26404,80,2,5,9.680,17.760,+1.070,seoul_woman
Heats,65c1891d-fce4-4bc5-9516-69a6deeee6fe,Heat 3,68682767-ef3c-4b4d-8031-c4ffa3f26404,80,3,5,9.230,26.990,+1.390,seoul_woman
Heats,65c1891d-fce4-4bc5-9516-69a6deeee6fe,Heat 3,68682767-ef3c-4b4d-8031-c4ffa3f26404,80,4,5,9.450,36.440,+1.820,seoul_woman
Heats,65c1891d-fce4-4bc5-9516-69a6deeee6fe,Heat 3,68682767-ef3c-4b4d-8031-c4ffa3f26404,80,5,5,9.908,46.348,+2.407,seoul_woman
Heats,b069f944-cad0-46e0-81f7-be47ab2ba7bd,Heat 4,aafbbe68-5977-440f-833c-efc955a05625,2,1,1,7.270,7.270,0.000,seoul_woman
Heats,b069f944-cad0-46e0-81f7-be47ab2ba7bd,Heat 4,aafbbe68-5977-440f-833c-efc955a05625,2,2,1,9.230,16.500,0.000,seoul_woman
Heats,b069f944-cad0-46e0-81f7-be47ab2ba7bd,Heat 4,aafbbe68-5977-440f-833c-efc955a05625,2,3,1,8.720,25.220,0.000,seoul_woman
Heats,b069f944-cad0-46e0-81f7-be47ab2ba7bd,Heat 4,aafbbe68-5977-440f-833c-efc955a05625,2,4,1,8.790,34.010,0.000,seoul_woman
Heats,b069f944-cad0-46e0-81f7-be47ab2ba7bd,Heat 4,aafbbe68-5977-440f-833c-efc955a05625,2,5,1,9.051,43.061,0.000,seoul_woman
Heats,b069f944-cad0-46e0-81f7-be47ab2ba7bd,Heat 4,696ce39e-3a18-4c72-a1a8-b13d5475ef96,36,1,2,7.440,7.440,+0.170,seoul_woman
Heats,b069f944-cad0-46e0-81f7-be47ab2ba7bd,Heat 4,696ce39e-3a18-4c72-a1a8-b13d5475ef96,36,2,2,9.240,16.680,+0.180,seoul_woman
Heats,b069f944-cad0-46e0-81f7-be47ab2ba7bd,Heat 4,696ce39e-3a18-4c72-a1a8-b13d5475ef96,36,3,2,8.930,25.610,+0.390,seoul_woman
Heats,b069f944-cad0-46e0-81f7-be47ab2ba7bd,Heat 4,696ce39e-3a18-4c72-a1a8-b13d5475ef96,36,4,2,9.260,34.870,+0.860,seoul_woman
Heats,b069f944-cad0-46e0-81f7-be47ab2ba7bd,Heat 4,696ce39e-3a18-4c72-a1a8-b13d5475ef96,36,5,2,9.747,44.617,+1.556,seoul_woman
Heats,b069f944-cad0-46e0-81f7-be47ab2ba7bd,Heat 4,216b5d89-848a-4830-9fe3-2fba1e366969,39,1,3,7.750,7.750,+0.480,seoul_woman
Heats,b069f944-cad0-46e0-81f7-be47ab2ba7bd,Heat 4,216b5d89-848a-4830-9fe3-2fba1e366969,39,2,3,9.510,17.260,+0.760,seoul_woman
Heats,b069f944-cad0-46e0-81f7-be47ab2ba7bd,Heat 4,216b5d89-848a-4830-9fe3-2fba1e366969,39,3,3,9.010,26.270,+1.050,seoul_woman
Heats,b069f944-cad0-46e0-81f7-be47ab2ba7bd,Heat 4,216b5d89-848a-4830-9fe3-2fba1e366969,39,4,3,9.300,35.570,+1.560,seoul_woman
Heats,b069f944-cad0-46e0-81f7-be47ab2ba7bd,Heat 4,216b5d89-848a-4830-9fe3-2fba1e366969,39,5,3,9.554,45.124,+2.063,seoul_woman
Heats,b069f944-cad0-46e0-81f7-be47ab2ba7bd,Heat 4,0ed93a45-a373-484c-a61b-061e55ce2e53,60,1,4,7.900,7.900,+0.630,seoul_woman
Heats,b069f944-cad0-46e0-81f7-be47ab2ba7bd,Heat 4,0ed93a45-a373-484c-a61b-061e55ce2e53,60,2,4,9.550,17.450,+0.950,seoul_woman
Heats,b069f944-cad0-46e0-81f7-be47ab2ba7bd,Heat 4,0ed93a45-a373-484c-a61b-061e55ce2e53,60,3,4,8.960,26.410,+1.190,seoul_woman
Heats,b069f944-cad0-46e0-81f7-be47ab2ba7bd,Heat 4,0ed93a45-a373-484c-a61b-061e55ce2e53,60,4,4,9.220,35.630,+1.620,seoul_woman
Heats,b069f944-cad0-46e0-81f7-be47ab2ba7bd,Heat 4,0ed93a45-a373-484c-a61b-061e55ce2e53,60,5,4,9.797,45.427,+2.366,seoul_woman
Heats,b069f944-cad0-46e0-81f7-be47ab2ba7bd,Heat 4,20f79d1e-6b2a-4804-b1a6-36908b04bc78,28,1,5,9.820,9.820,+2.550,seoul_woman
Heats,b069f944-cad0-46e0-81f7-be47ab2ba7bd,Heat 4,20f79d1e-6b2a-4804-b1a6-36908b04bc78,28,2,5,10.280,20.100,+3.600,seoul_woman
Heats,b069f944-cad0-46e0-81f7-be47ab2ba7bd,Heat 4,20f79d1e-6b2a-4804-b1a6-36908b04bc78,28,3,5,9.570,29.670,+4.450,seoul_woman
Heats,b069f944-cad0-46e0-81f7-be47ab2ba7bd,Heat 4,20f79d1e-6b2a-4804-b1a6-36908b04bc78,28,4,5,9.500,39.170,+5.160,seoul_woman
Heats,b069f944-cad0-46e0-81f7-be47ab2ba7bd,Heat 4,20f79d1e-6b2a-4804-b1a6-36908b04bc78,28,5,5,9.820,48.990,+5.929,seoul_woman
Heats,adc72c8c-5d75-40c0-8719-6171b3241141,Heat 5,5f08259b-c0c0-4bd3-9ea5-eb2401fed5fb,12,1,1,7.320,7.320,0.000,seoul_woman
Heats,adc72c8c-5d75-40c0-8719-6171b3241141,Heat 5,5f08259b-c0c0-4bd3-9ea5-eb2401fed5fb,12,2,1,9.200,16.520,0.000,seoul_woman
Heats,adc72c8c-5d75-40c0-8719-6171b3241141,Heat 5,5f08259b-c0c0-4bd3-9ea5-eb2401fed5fb,12,3,1,8.840,25.360,0.000,seoul_woman
Heats,adc72c8c-5d75-40c0-8719-6171b3241141,Heat 5,5f08259b-c0c0-4bd3-9ea5-eb2401fed5fb,12,4,1,9.020,34.380,0.000,seoul_woman
Heats,adc72c8c-5d75-40c0-8719-6171b3241141,Heat 5,5f08259b-c0c0-4bd3-9ea5-eb2401fed5fb,12,5,1,9.316,43.696,0.000,seoul_woman
Heats,adc72c8c-5d75-40c0-8719-6171b3241141,Heat 5,bce0f8e1-9172-4cd2-9396-25fca65dcff4,18,1,2,7.420,7.420,+0.100,seoul_woman
Heats,adc72c8c-5d75-40c0-8719-6171b3241141,Heat 5,bce0f8e1-9172-4cd2-9396-25fca65dcff4,18,2,2,9.200,16.620,+0.100,seoul_woman
Heats,adc72c8c-5d75-40c0-8719-6171b3241141,Heat 5,bce0f8e1-9172-4cd2-9396-25fca65dcff4,18,3,2,8.830,25.450,+0.090,seoul_woman
Heats,adc72c8c-5d75-40c0-8719-6171b3241141,Heat 5,bce0f8e1-9172-4cd2-9396-25fca65dcff4,18,4,2,9.050,34.500,+0.120,seoul_woman
Heats,adc72c8c-5d75-40c0-8719-6171b3241141,Heat 5,bce0f8e1-9172-4cd2-9396-25fca65dcff4,18,5,2,9.257,43.757,+0.061,seoul_woman
Heats,adc72c8c-5d75-40c0-8719-6171b3241141,Heat 5,d2c5f17b-aae0-4f38-a663-5ae155346501,7,1,3,7.630,7.630,+0.310,seoul_woman
Heats,adc72c8c-5d75-40c0-8719-6171b3241141,Heat 5,d2c5f17b-aae0-4f38-a663-5ae155346501,7,2,3,9.150,16.780,+0.260,seoul_woman
Heats,adc72c8c-5d75-40c0-8719-6171b3241141,Heat 5,d2c5f17b-aae0-4f38-a663-5ae155346501,7,3,3,8.800,25.580,+0.220,seoul_woman
Heats,adc72c8c-5d75-40c0-8719-6171b3241141,Heat 5,d2c5f17b-aae0-4f38-a663-5ae155346501,7,4,3,9.010,34.590,+0.210,seoul_woman
Heats,adc72c8c-5d75-40c0-8719-6171b3241141,Heat 5,d2c5f17b-aae0-4f38-a663-5ae155346501,7,5,3,9.250,43.840,+0.144,seoul_woman
Heats,adc72c8c-5d75-40c0-8719-6171b3241141,Heat 5,c9102b97-afc8-4faf-9150-06b16d73b3a5,25,1,4,7.760,7.760,+0.440,seoul_woman
Heats,adc72c8c-5d75-40c0-8719-6171b3241141,Heat 5,c9102b97-afc8-4faf-9150-06b16d73b3a5,25,2,4,9.240,17.000,+0.480,seoul_woman
Heats,adc72c8c-5d75-40c0-8719-6171b3241141,Heat 5,c9102b97-afc8-4faf-9150-06b16d73b3a5,25,3,4,8.720,25.720,+0.360,seoul_woman
Heats,adc72c8c-5d75-40c0-8719-6171b3241141,Heat 5,c9102b97-afc8-4faf-9150-06b16d73b3a5,25,4,4,8.970,34.690,+0.310,seoul_woman
Heats,adc72c8c-5d75-40c0-8719-6171b3241141,Heat 5,c9102b97-afc8-4faf-9150-06b16d73b3a5,25,5,4,9.305,43.995,+0.299,seoul_woman
Heats,adc72c8c-5d75-40c0-8719-6171b3241141,Heat 5,7cb688bb-5c6c-4a9e-b4a8-880eced53c45,55,1,5,7.880,7.880,+0.560,seoul_woman
Heats,adc72c8c-5d75-40c0-8719-6171b3241141,Heat 5,7cb688bb-5c6c-4a9e-b4a8-880eced53c45,55,2,5,9.250,17.130,+0.610,seoul_woman
Heats,adc72c8c-5d75-40c0-8719-6171b3241141,Heat 5,7cb688bb-5c6c-4a9e-b4a8-880eced53c45,55,3,5,8.760,25.890,+0.530,seoul_woman
Heats,adc72c8c-5d75-40c0-8719-6171b3241141,Heat 5,7cb688bb-5c6c-4a9e-b4a8-880eced53c45,55,4,5,9.010,34.900,+0.520,seoul_woman
Heats,adc72c8c-5d75-40c0-8719-6171b3241141,Heat 5,7cb688bb-5c6c-4a9e-b4a8-880eced53c45,55,5,5,9.579,44.479,+0.783,seoul_woman
Heats,c463a984-8419-4c84-b1e7-b09422c2f8c4,Heat 6,92c49e26-634d-43d6-9872-b7d5f1c4ba87,13,1,1,7.450,7.450,0.000,seoul_woman
Heats,c463a984-8419-4c84-b1e7-b09422c2f8c4,Heat 6,92c49e26-634d-43d6-9872-b7d5f1c4ba87,13,2,1,9.460,16.910,0.000,seoul_woman
Heats,c463a984-8419-4c84-b1e7-b09422c2f8c4,Heat 6,92c49e26-634d-43d6-9872-b7d5f1c4ba87,13,3,1,8.950,25.860,0.000,seoul_woman
Heats,c463a984-8419-4c84-b1e7-b09422c2f8c4,Heat 6,92c49e26-634d-43d6-9872-b7d5f1c4ba87,13,4,1,9.280,35.140,0.000,seoul_woman
Heats,c463a984-8419-4c84-b1e7-b09422c2f8c4,Heat 6,92c49e26-634d-43d6-9872-b7d5f1c4ba87,13,5,1,9.623,44.763,0.000,seoul_woman
Heats,c463a984-8419-4c84-b1e7-b09422c2f8c4,Heat 6,a0337d9b-d1ea-42e6-b9b3-ac83e0e11cd8,59,1,3,7.610,7.610,+0.160,seoul_woman
Heats,c463a984-8419-4c84-b1e7-b09422c2f8c4,Heat 6,a0337d9b-d1ea-42e6-b9b3-ac83e0e11cd8,59,2,2,9.450,17.060,+0.150,seoul_woman
Heats,c463a984-8419-4c84-b1e7-b09422c2f8c4,Heat 6,a0337d9b-d1ea-42e6-b9b3-ac83e0e11cd8,59,3,2,8.980,26.040,+0.180,seoul_woman
Heats,c463a984-8419-4c84-b1e7-b09422c2f8c4,Heat 6,a0337d9b-d1ea-42e6-b9b3-ac83e0e11cd8,59,4,2,9.210,35.250,+0.110,seoul_woman
Heats,c463a984-8419-4c84-b1e7-b09422c2f8c4,Heat 6,a0337d9b-d1ea-42e6-b9b3-ac83e0e11cd8,59,5,2,9.634,44.884,+0.121,seoul_woman
Heats,c463a984-8419-4c84-b1e7-b09422c2f8c4,Heat 6,6df8a73c-8639-4c0d-bd98-ed669b028868,54,1,4,7.790,7.790,+0.340,seoul_woman
Heats,c463a984-8419-4c84-b1e7-b09422c2f8c4,Heat 6,6df8a73c-8639-4c0d-bd98-ed669b028868,54,2,4,9.520,17.310,+0.400,seoul_woman
Heats,c463a984-8419-4c84-b1e7-b09422c2f8c4,Heat 6,6df8a73c-8639-4c0d-bd98-ed669b028868,54,3,3,8.960,26.270,+0.410,seoul_woman
Heats,c463a984-8419-4c84-b1e7-b09422c2f8c4,Heat 6,6df8a73c-8639-4c0d-bd98-ed669b028868,54,4,3,9.090,35.360,+0.220,seoul_woman
Heats,c463a984-8419-4c84-b1e7-b09422c2f8c4,Heat 6,6df8a73c-8639-4c0d-bd98-ed669b028868,54,5,3,9.544,44.904,+0.141,seoul_woman
Heats,c463a984-8419-4c84-b1e7-b09422c2f8c4,Heat 6,9a80c6d5-649b-44fe-86d4-fb90b2c8c654,69,1,5,7.930,7.930,+0.480,seoul_woman
Heats,c463a984-8419-4c84-b1e7-b09422c2f8c4,Heat 6,9a80c6d5-649b-44fe-86d4-fb90b2c8c654,69,2,5,9.490,17.420,+0.510,seoul_woman
Heats,c463a984-8419-4c84-b1e7-b09422c2f8c4,Heat 6,9a80c6d5-649b-44fe-86d4-fb90b2c8c654,69,3,5,9.010,26.430,+0.570,seoul_woman
Heats,c463a984-8419-4c84-b1e7-b09422c2f8c4,Heat 6,9a80c6d5-649b-44fe-86d4-fb90b2c8c654,69,4,4,9.190,35.620,+0.480,seoul_woman
Heats,c463a984-8419-4c84-b1e7-b09422c2f8c4,Heat 6,9a80c6d5-649b-44fe-86d4-fb90b2c8c654,69,5,4,9.398,45.018,+0.255,seoul_woman
Heats,c463a984-8419-4c84-b1e7-b09422c2f8c4,Heat 6,d2927e4c-0031-433f-beae-ff993a972c19,23,1,2,7.600,7.600,+0.150,seoul_woman
Heats,c463a984-8419-4c84-b1e7-b09422c2f8c4,Heat 6,d2927e4c-0031-433f-beae-ff993a972c19,23,2,3,9.610,17.210,+0.300,seoul_woman
Heats,c463a984-8419-4c84-b1e7-b09422c2f8c4,Heat 6,d2927e4c-0031-433f-beae-ff993a972c19,23,3,4,9.170,26.380,+0.520,seoul_woman
Heats,c463a984-8419-4c84-b1e7-b09422c2f8c4,Heat 6,d2927e4c-0031-433f-beae-ff993a972c19,23,4,5,9.740,36.120,+0.980,seoul_woman
Heats,c463a984-8419-4c84-b1e7-b09422c2f8c4,Heat 6,d2927e4c-0031-433f-beae-ff993a972c19,23,5,5,10.893,47.013,+2.250,seoul_woman
Heats,83b335b2-ade7-4ad2-b36f-d0c59f637f09,Heat 7,e013b51e-a231-480c-af82-9c4375efe88f,90,1,2,7.450,7.450,+0.010,seoul_woman
Heats,83b335b2-ade7-4ad2-b36f-d0c59f637f09,Heat 7,e013b51e-a231-480c-af82-9c4375efe88f,90,2,1,9.460,16.910,0.000,seoul_woman
Heats,83b335b2-ade7-4ad2-b36f-d0c59f637f09,Heat 7,e013b51e-a231-480c-af82-9c4375efe88f,90,3,1,8.740,25.650,0.000,seoul_woman
Heats,83b335b2-ade7-4ad2-b36f-d0c59f637f09,Heat 7,e013b51e-a231-480c-af82-9c4375efe88f,90,4,1,8.840,34.490,0.000,seoul_woman
Heats,83b335b2-ade7-4ad2-b36f-d0c59f637f09,Heat 7,e013b51e-a231-480c-af82-9c4375efe88f,90,5,1,9.276,43.766,0.000,seoul_woman
Heats,83b335b2-ade7-4ad2-b36f-d0c59f637f09,Heat 7,bd14513f-84ae-4214-82ae-f2b2aca8d112,21,1,3,7.460,7.460,+0.020,seoul_woman
Heats,83b335b2-ade7-4ad2-b36f-d0c59f637f09,Heat 7,bd14513f-84ae-4214-82ae-f2b2aca8d112,21,2,2,9.560,17.020,+0.110,seoul_woman
Heats,83b335b2-ade7-4ad2-b36f-d0c59f637f09,Heat 7,bd14513f-84ae-4214-82ae-f2b2aca8d112,21,3,2,8.730,25.750,+0.100,seoul_woman
Heats,83b335b2-ade7-4ad2-b36f-d0c59f637f09,Heat 7,bd14513f-84ae-4214-82ae-f2b2aca8d112,21,4,2,8.830,34.580,+0.090,seoul_woman
Heats,83b335b2-ade7-4ad2-b36f-d0c59f637f09,Heat 7,bd14513f-84ae-4214-82ae-f2b2aca8d112,21,5,2,9.242,43.822,+0.056,seoul_woman
Heats,83b335b2-ade7-4ad2-b36f-d0c59f637f09,Heat 7,53c63257-c759-4293-8f77-23dcd451234b,50,1,4,7.760,7.760,+0.320,seoul_woman
Heats,83b335b2-ade7-4ad2-b36f-d0c59f637f09,Heat 7,53c63257-c759-4293-8f77-23dcd451234b,50,2,3,9.580,17.340,+0.430,seoul_woman
Heats,83b335b2-ade7-4ad2-b36f-d0c59f637f09,Heat 7,53c63257-c759-4293-8f77-23dcd451234b,50,3,3,8.890,26.230,+0.580,seoul_woman
Heats,83b335b2-ade7-4ad2-b36f-d0c59f637f09,Heat 7,53c63257-c759-4293-8f77-23dcd451234b,50,4,3,9.180,35.410,+0.920,seoul_woman
Heats,83b335b2-ade7-4ad2-b36f-d0c59f637f09,Heat 7,53c63257-c759-4293-8f77-23dcd451234b,50,5,3,9.412,44.822,+1.056,seoul_woman
Heats,83b335b2-ade7-4ad2-b36f-d0c59f637f09,Heat 7,9ba3441b-d1b3-4f50-9ff6-7acc67325c81,67,1,5,7.950,7.950,+0.510,seoul_woman
Heats,83b335b2-ade7-4ad2-b36f-d0c59f637f09,Heat 7,9ba3441b-d1b3-4f50-9ff6-7acc67325c81,67,2,4,9.440,17.390,+0.480,seoul_woman
Heats,83b335b2-ade7-4ad2-b36f-d0c59f637f09,Heat 7,9ba3441b-d1b3-4f50-9ff6-7acc67325c81,67,3,4,9.050,26.440,+0.790,seoul_woman
Heats,83b335b2-ade7-4ad2-b36f-d0c59f637f09,Heat 7,9ba3441b-d1b3-4f50-9ff6-7acc67325c81,67,4,4,9.100,35.540,+1.050,seoul_woman
Heats,83b335b2-ade7-4ad2-b36f-d0c59f637f09,Heat 7,9ba3441b-d1b3-4f50-9ff6-7acc67325c81,67,5,4,9.355,44.895,+1.129,seoul_woman
Heats,83b335b2-ade7-4ad2-b36f-d0c59f637f09,Heat 7,bc862a99-8b83-474d-a2bb-e51db80b59e1,97,1,1,7.440,7.440,0.000,seoul_woman
Heats,83b335b2-ade7-4ad2-b36f-d0c59f637f09,Heat 7,bc862a99-8b83-474d-a2bb-e51db80b59e1,97,2,5,24.590,32.030,+15.120,seoul_woman
Heats,83b335b2-ade7-4ad2-b36f-d0c59f637f09,Heat 7,bc862a99-8b83-474d-a2bb-e51db80b59e1,97,3,5,22.170,54.200,+28.550,seoul_woman
Heats,9a159fbd-98d1-4a9c-8fed-dc9bbe3512f8,Heat 8,028a9faf-bb78-4a91-9a71-9f61589d80fd,1,1,2,7.370,7.370,+0.180,seoul_woman
Heats,9a159fbd-98d1-4a9c-8fed-dc9bbe3512f8,Heat 8,028a9faf-bb78-4a91-9a71-9f61589d80fd,1,2,2,9.240,16.610,+0.130,seoul_woman
Heats,9a159fbd-98d1-4a9c-8fed-dc9bbe3512f8,Heat 8,028a9faf-bb78-4a91-9a71-9f61589d80fd,1,3,2,8.760,25.370,+0.080,seoul_woman
Heats,9a159fbd-98d1-4a9c-8fed-dc9bbe3512f8,Heat 8,028a9faf-bb78-4a91-9a71-9f61589d80fd,1,4,1,8.890,34.260,0.000,seoul_woman
Heats,9a159fbd-98d1-4a9c-8fed-dc9bbe3512f8,Heat 8,028a9faf-bb78-4a91-9a71-9f61589d80fd,1,5,1,9.318,43.578,0.000,seoul_woman
Heats,9a159fbd-98d1-4a9c-8fed-dc9bbe3512f8,Heat 8,5c1eed82-2fb1-4cfc-9af6-46bd36a1b3a7,27,1,1,7.190,7.190,0.000,seoul_woman
Heats,9a159fbd-98d1-4a9c-8fed-dc9bbe3512f8,Heat 8,5c1eed82-2fb1-4cfc-9af6-46bd36a1b3a7,27,2,1,9.290,16.480,0.000,seoul_woman
Heats,9a159fbd-98d1-4a9c-8fed-dc9bbe3512f8,Heat 8,5c1eed82-2fb1-4cfc-9af6-46bd36a1b3a7,27,3,1,8.810,25.290,0.000,seoul_woman
Heats,9a159fbd-98d1-4a9c-8fed-dc9bbe3512f8,Heat 8,5c1eed82-2fb1-4cfc-9af6-46bd36a1b3a7,27,4,2,9.140,34.430,+0.170,seoul_woman
Heats,9a159fbd-98d1-4a9c-8fed-dc9bbe3512f8,Heat 8,5c1eed82-2fb1-4cfc-9af6-46bd36a1b3a7,27,5,2,9.233,43.663,+0.085,seoul_woman
Heats,9a159fbd-98d1-4a9c-8fed-dc9bbe3512f8,Heat 8,e419decc-5bcf-40ac-aa0f-2910567c563e,58,1,3,7.540,7.540,+0.350,seoul_woman
Heats,9a159fbd-98d1-4a9c-8fed-dc9bbe3512f8,Heat 8,e419decc-5bcf-40ac-aa0f-2910567c563e,58,2,3,9.310,16.850,+0.370,seoul_woman
Heats,9a159fbd-98d1-4a9c-8fed-dc9bbe3512f8,Heat 8,e419decc-5bcf-40ac-aa0f-2910567c563e,58,3,3,8.910,25.760,+0.470,seoul_woman
Heats,9a159fbd-98d1-4a9c-8fed-dc9bbe3512f8,Heat 8,e419decc-5bcf-40ac-aa0f-2910567c563e,58,4,3,9.170,34.930,+0.670,seoul_woman
Heats,9a159fbd-98d1-4a9c-8fed-dc9bbe3512f8,Heat 8,e419decc-5bcf-40ac-aa0f-2910567c563e,58,5,3,9.524,44.454,+0.876,seoul_woman
Heats,9a159fbd-98d1-4a9c-8fed-dc9bbe3512f8,Heat 8,1a4e97a0-fb9c-4cd5-95e8-69ffcc700069,108,1,5,7.900,7.900,+0.710,seoul_woman
Heats,9a159fbd-98d1-4a9c-8fed-dc9bbe3512f8,Heat 8,1a4e97a0-fb9c-4cd5-95e8-69ffcc700069,108,2,5,9.450,17.350,+0.870,seoul_woman
Heats,9a159fbd-98d1-4a9c-8fed-dc9bbe3512f8,Heat 8,1a4e97a0-fb9c-4cd5-95e8-69ffcc700069,108,3,5,9.100,26.450,+1.160,seoul_woman
Heats,9a159fbd-98d1-4a9c-8fed-dc9bbe3512f8,Heat 8,1a4e97a0-fb9c-4cd5-95e8-69ffcc700069,108,4,5,9.430,35.880,+1.620,seoul_woman
Heats,9a159fbd-98d1-4a9c-8fed-dc9bbe3512f8,Heat 8,1a4e97a0-fb9c-4cd5-95e8-69ffcc700069,108,5,4,10.020,45.900,+2.322,seoul_woman
Heats,9a159fbd-98d1-4a9c-8fed-dc9bbe3512f8,Heat 8,1ecda08f-2010-46d9-bf7a-a4696ab84c31,94,1,4,7.770,7.770,+0.580,seoul_woman
Heats,9a159fbd-98d1-4a9c-8fed-dc9bbe3512f8,Heat 8,1ecda08f-2010-46d9-bf7a-a4696ab84c31,94,2,4,9.460,17.230,+0.750,seoul_woman
Heats,9a159fbd-98d1-4a9c-8fed-dc9bbe3512f8,Heat 8,1ecda08f-2010-46d9-bf7a-a4696ab84c31,94,3,4,8.920,26.150,+0.860,seoul_woman
Heats,9a159fbd-98d1-4a9c-8fed-dc9bbe3512f8,Heat 8,1ecda08f-2010-46d9-bf7a-a4696ab84c31,94,4,4,9.010,35.160,+0.900,seoul_woman
Heats,9a159fbd-98d1-4a9c-8fed-dc9bbe3512f8,Heat 8,1ecda08f-2010-46d9-bf7a-a4696ab84c31,94,5,5,36.070,1:11.230,+27.652,seoul_woman
Rep. Quarterfinals,4eff6767-5a7b-4824-92b0-fbb1a15e6e3b,Heat 1,165b73ae-ea23-4503-8477-9b35f736bf84,40,1,1,7.540,7.540,0.000,seoul_woman
Rep. Quarterfinals,4eff6767-5a7b-4824-92b0-fbb1a15e6e3b,Heat 1,165b73ae-ea23-4503-8477-9b35f736bf84,40,2,1,9.720,17.260,0.000,seoul_woman
Rep. Quarterfinals,4eff6767-5a7b-4824-92b0-fbb1a15e6e3b,Heat 1,165b73ae-ea23-4503-8477-9b35f736bf84,40,3,1,9.250,26.510,0.000,seoul_woman
Rep. Quarterfinals,4eff6767-5a7b-4824-92b0-fbb1a15e6e3b,Heat 1,165b73ae-ea23-4503-8477-9b35f736bf84,40,4,1,9.430,35.940,0.000,seoul_woman
Rep. Quarterfinals,4eff6767-5a7b-4824-92b0-fbb1a15e6e3b,Heat 1,165b73ae-ea23-4503-8477-9b35f736bf84,40,5,1,9.625,45.565,0.000,seoul_woman
Rep. Quarterfinals,4eff6767-5a7b-4824-92b0-fbb1a15e6e3b,Heat 1,9ba3441b-d1b3-4f50-9ff6-7acc67325c81,67,1,2,7.630,7.630,+0.090,seoul_woman
Rep. Quarterfinals,4eff6767-5a7b-4824-92b0-fbb1a15e6e3b,Heat 1,9ba3441b-d1b3-4f50-9ff6-7acc67325c81,67,2,2,9.910,17.540,+0.280,seoul_woman
Rep. Quarterfinals,4eff6767-5a7b-4824-92b0-fbb1a15e6e3b,Heat 1,9ba3441b-d1b3-4f50-9ff6-7acc67325c81,67,3,2,9.140,26.680,+0.170,seoul_woman
Rep. Quarterfinals,4eff6767-5a7b-4824-92b0-fbb1a15e6e3b,Heat 1,9ba3441b-d1b3-4f50-9ff6-7acc67325c81,67,4,2,9.360,36.040,+0.100,seoul_woman
Rep. Quarterfinals,4eff6767-5a7b-4824-92b0-fbb1a15e6e3b,Heat 1,9ba3441b-d1b3-4f50-9ff6-7acc67325c81,67,5,2,9.631,45.671,+0.106,seoul_woman
Rep. Quarterfinals,4eff6767-5a7b-4824-92b0-fbb1a15e6e3b,Heat 1,0ed93a45-a373-484c-a61b-061e55ce2e53,60,1,3,7.820,7.820,+0.280,seoul_woman
Rep. Quarterfinals,4eff6767-5a7b-4824-92b0-fbb1a15e6e3b,Heat 1,0ed93a45-a373-484c-a61b-061e55ce2e53,60,2,3,9.890,17.710,+0.450,seoul_woman
Rep. Quarterfinals,4eff6767-5a7b-4824-92b0-fbb1a15e6e3b,Heat 1,0ed93a45-a373-484c-a61b-061e55ce2e53,60,3,3,9.190,26.900,+0.390,seoul_woman
Rep. Quarterfinals,4eff6767-5a7b-4824-92b0-fbb1a15e6e3b,Heat 1,0ed93a45-a373-484c-a61b-061e55ce2e53,60,4,3,9.270,36.170,+0.230,seoul_woman
Rep. Quarterfinals,4eff6767-5a7b-4824-92b0-fbb1a15e6e3b,Heat 1,0ed93a45-a373-484c-a61b-061e55ce2e53,60,5,3,9.575,45.745,+0.180,seoul_woman
Rep. Quarterfinals,4eff6767-5a7b-4824-92b0-fbb1a15e6e3b,Heat 1,499b3fda-e391-479f-a02c-df47ec4040b7,109,1,5,8.270,8.270,+0.730,seoul_woman
Rep. Quarterfinals,4eff6767-5a7b-4824-92b0-fbb1a15e6e3b,Heat 1,499b3fda-e391-479f-a02c-df47ec4040b7,109,2,5,10.210,18.480,+1.220,seoul_woman
Rep. Quarterfinals,4eff6767-5a7b-4824-92b0-fbb1a15e6e3b,Heat 1,499b3fda-e391-479f-a02c-df47ec4040b7,109,3,4,9.810,28.290,+1.780,seoul_woman
Rep. Quarterfinals,4eff6767-5a7b-4824-92b0-fbb1a15e6e3b,Heat 1,499b3fda-e391-479f-a02c-df47ec4040b7,109,4,4,9.860,38.150,+2.210,seoul_woman
Rep. Quarterfinals,4eff6767-5a7b-4824-92b0-fbb1a15e6e3b,Heat 1,499b3fda-e391-479f-a02c-df47ec4040b7,109,5,4,10.064,48.214,+2.649,seoul_woman
Rep. Quarterfinals,4eff6767-5a7b-4824-92b0-fbb1a15e6e3b,Heat 1,fca96d99-224c-4897-af3e-19dca0041f5d,96,1,4,7.840,7.840,+0.300,seoul_woman
Rep. Quarterfinals,4eff6767-5a7b-4824-92b0-fbb1a15e6e3b,Heat 1,fca96d99-224c-4897-af3e-19dca0041f5d,96,2,4,9.900,17.740,+0.480,seoul_woman
Rep. Quarterfinals,4eff6767-5a7b-4824-92b0-fbb1a15e6e3b,Heat 1,fca96d99-224c-4897-af3e-19dca0041f5d,96,3,5,31.620,49.360,+22.850,seoul_woman
Rep. Quarterfinals,b5937355-75b2-4a61-a8e6-4dfd954de181,Heat 2,8df9fd76-b493-434e-9a57-e850fc7893a8,82,1,1,7.410,7.410,0.000,seoul_woman
Rep. Quarterfinals,b5937355-75b2-4a61-a8e6-4dfd954de181,Heat 2,8df9fd76-b493-434e-9a57-e850fc7893a8,82,2,1,9.570,16.980,0.000,seoul_woman
Rep. Quarterfinals,b5937355-75b2-4a61-a8e6-4dfd954de181,Heat 2,8df9fd76-b493-434e-9a57-e850fc7893a8,82,3,1,9.020,26.000,0.000,seoul_woman
Rep. Quarterfinals,b5937355-75b2-4a61-a8e6-4dfd954de181,Heat 2,8df9fd76-b493-434e-9a57-e850fc7893a8,82,4,1,9.100,35.100,0.000,seoul_woman
Rep. Quarterfinals,b5937355-75b2-4a61-a8e6-4dfd954de181,Heat 2,8df9fd76-b493-434e-9a57-e850fc7893a8,82,5,1,9.262,44.362,0.000,seoul_woman
Rep. Quarterfinals,b5937355-75b2-4a61-a8e6-4dfd954de181,Heat 2,9a80c6d5-649b-44fe-86d4-fb90b2c8c654,69,1,2,7.700,7.700,+0.290,seoul_woman
Rep. Quarterfinals,b5937355-75b2-4a61-a8e6-4dfd954de181,Heat 2,9a80c6d5-649b-44fe-86d4-fb90b2c8c654,69,2,2,9.580,17.280,+0.300,seoul_woman
Rep. Quarterfinals,b5937355-75b2-4a61-a8e6-4dfd954de181,Heat 2,9a80c6d5-649b-44fe-86d4-fb90b2c8c654,69,3,2,9.050,26.330,+0.330,seoul_woman
Rep. Quarterfinals,b5937355-75b2-4a61-a8e6-4dfd954de181,Heat 2,9a80c6d5-649b-44fe-86d4-fb90b2c8c654,69,4,2,9.230,35.560,+0.460,seoul_woman
Rep. Quarterfinals,b5937355-75b2-4a61-a8e6-4dfd954de181,Heat 2,9a80c6d5-649b-44fe-86d4-fb90b2c8c654,69,5,2,9.419,44.979,+0.617,seoul_woman
Rep. Quarterfinals,b5937355-75b2-4a61-a8e6-4dfd954de181,Heat 2,e6743169-d987-4228-ba95-6ad0cb5b7ae5,103,1,5,8.060,8.060,+0.650,seoul_woman
Rep. Quarterfinals,b5937355-75b2-4a61-a8e6-4dfd954de181,Heat 2,e6743169-d987-4228-ba95-6ad0cb5b7ae5,103,2,5,9.690,17.750,+0.770,seoul_woman
Rep. Quarterfinals,b5937355-75b2-4a61-a8e6-4dfd954de181,Heat 2,e6743169-d987-4228-ba95-6ad0cb5b7ae5,103,3,4,9.230,26.980,+0.980,seoul_woman
Rep. Quarterfinals,b5937355-75b2-4a61-a8e6-4dfd954de181,Heat 2,e6743169-d987-4228-ba95-6ad0cb5b7ae5,103,4,4,9.400,36.380,+1.280,seoul_woman
Rep. Quarterfinals,b5937355-75b2-4a61-a8e6-4dfd954de181,Heat 2,e6743169-d987-4228-ba95-6ad0cb5b7ae5,103,5,3,9.566,45.946,+1.584,seoul_woman
Rep. Quarterfinals,b5937355-75b2-4a61-a8e6-4dfd954de181,Heat 2,1a4e97a0-fb9c-4cd5-95e8-69ffcc700069,108,1,3,7.720,7.720,+0.310,seoul_woman
Rep. Quarterfinals,b5937355-75b2-4a61-a8e6-4dfd954de181,Heat 2,1a4e97a0-fb9c-4cd5-95e8-69ffcc700069,108,2,3,9.960,17.680,+0.700,seoul_woman
Rep. Quarterfinals,b5937355-75b2-4a61-a8e6-4dfd954de181,Heat 2,1a4e97a0-fb9c-4cd5-95e8-69ffcc700069,108,3,3,9.180,26.860,+0.860,seoul_woman
Rep. Quarterfinals,b5937355-75b2-4a61-a8e6-4dfd954de181,Heat 2,1a4e97a0-fb9c-4cd5-95e8-69ffcc700069,108,4,3,9.430,36.290,+1.190,seoul_woman
Rep. Quarterfinals,b5937355-75b2-4a61-a8e6-4dfd954de181,Heat 2,1a4e97a0-fb9c-4cd5-95e8-69ffcc700069,108,5,4,9.849,46.139,+1.777,seoul_woman
Rep. Quarterfinals,b5937355-75b2-4a61-a8e6-4dfd954de181,Heat 2,7559aa92-cebb-452b-833f-d4b2850033c1,83,1,4,7.780,7.780,+0.370,seoul_woman
Rep. Quarterfinals,b5937355-75b2-4a61-a8e6-4dfd954de181,Heat 2,7559aa92-cebb-452b-833f-d4b2850033c1,83,2,4,9.960,17.740,+0.760,seoul_woman
Rep. Quarterfinals,b5937355-75b2-4a61-a8e6-4dfd954de181,Heat 2,7559aa92-cebb-452b-833f-d4b2850033c1,83,3,5,9.390,27.130,+1.130,seoul_woman
Rep. Quarterfinals,b5937355-75b2-4a61-a8e6-4dfd954de181,Heat 2,7559aa92-cebb-452b-833f-d4b2850033c1,83,4,5,9.380,36.510,+1.410,seoul_woman
Rep. Quarterfinals,b5937355-75b2-4a61-a8e6-4dfd954de181,Heat 2,7559aa92-cebb-452b-833f-d4b2850033c1,83,5,5,9.665,46.175,+1.813,seoul_woman
Rep. Quarterfinals,cc28b764-9e7f-4a26-907c-598dda3bc56d,Heat 3,d2927e4c-0031-433f-beae-ff993a972c19,23,1,2,7.550,7.550,+0.120,seoul_woman
Rep. Quarterfinals,cc28b764-9e7f-4a26-907c-598dda3bc56d,Heat 3,d2927e4c-0031-433f-beae-ff993a972c19,23,2,2,9.480,17.030,+0.090,seoul_woman
Rep. Quarterfinals,cc28b764-9e7f-4a26-907c-598dda3bc56d,Heat 3,d2927e4c-0031-433f-beae-ff993a972c19,23,3,1,8.980,26.010,0.000,seoul_woman
Rep. Quarterfinals,cc28b764-9e7f-4a26-907c-598dda3bc56d,Heat 3,d2927e4c-0031-433f-beae-ff993a972c19,23,4,1,9.250,35.260,0.000,seoul_woman
Rep. Quarterfinals,cc28b764-9e7f-4a26-907c-598dda3bc56d,Heat 3,d2927e4c-0031-433f-beae-ff993a972c19,23,5,1,9.460,44.720,0.000,seoul_woman
Rep. Quarterfinals,cc28b764-9e7f-4a26-907c-598dda3bc56d,Heat 3,e419decc-5bcf-40ac-aa0f-2910567c563e,58,1,1,7.430,7.430,0.000,seoul_woman
Rep. Quarterfinals,cc28b764-9e7f-4a26-907c-598dda3bc56d,Heat 3,e419decc-5bcf-40ac-aa0f-2910567c563e,58,2,1,9.510,16.940,0.000,seoul_woman
Rep. Quarterfinals,cc28b764-9e7f-4a26-907c-598dda3bc56d,Heat 3,e419decc-5bcf-40ac-aa0f-2910567c563e,58,3,2,9.170,26.110,+0.100,seoul_woman
Rep. Quarterfinals,cc28b764-9e7f-4a26-907c-598dda3bc56d,Heat 3,e419decc-5bcf-40ac-aa0f-2910567c563e,58,4,2,9.270,35.380,+0.120,seoul_woman
Rep. Quarterfinals,cc28b764-9e7f-4a26-907c-598dda3bc56d,Heat 3,e419decc-5bcf-40ac-aa0f-2910567c563e,58,5,2,9.411,44.791,+0.071,seoul_woman
Rep. Quarterfinals,cc28b764-9e7f-4a26-907c-598dda3bc56d,Heat 3,9a11aa40-3413-4817-a662-2c5c700ff511,68,1,3,7.890,7.890,+0.460,seoul_woman
Rep. Quarterfinals,cc28b764-9e7f-4a26-907c-598dda3bc56d,Heat 3,9a11aa40-3413-4817-a662-2c5c700ff511,68,2,3,9.690,17.580,+0.640,seoul_woman
Rep. Quarterfinals,cc28b764-9e7f-4a26-907c-598dda3bc56d,Heat 3,9a11aa40-3413-4817-a662-2c5c700ff511,68,3,3,9.060,26.640,+0.630,seoul_woman
Rep. Quarterfinals,cc28b764-9e7f-4a26-907c-598dda3bc56d,Heat 3,9a11aa40-3413-4817-a662-2c5c700ff511,68,4,3,9.130,35.770,+0.510,seoul_woman
Rep. Quarterfinals,cc28b764-9e7f-4a26-907c-598dda3bc56d,Heat 3,9a11aa40-3413-4817-a662-2c5c700ff511,68,5,3,9.272,45.042,+0.322,seoul_woman
Rep. Quarterfinals,cc28b764-9e7f-4a26-907c-598dda3bc56d,Heat 3,f0e78803-4eda-4f29-b7c5-b46339cca8ab,61,1,4,8.070,8.070,+0.640,seoul_woman
Rep. Quarterfinals,cc28b764-9e7f-4a26-907c-598dda3bc56d,Heat 3,f0e78803-4eda-4f29-b7c5-b46339cca8ab,61,2,4,9.700,17.770,+0.830,seoul_woman
Rep. Quarterfinals,cc28b764-9e7f-4a26-907c-598dda3bc56d,Heat 3,f0e78803-4eda-4f29-b7c5-b46339cca8ab,61,3,4,9.080,26.850,+0.840,seoul_woman
Rep. Quarterfinals,cc28b764-9e7f-4a26-907c-598dda3bc56d,Heat 3,f0e78803-4eda-4f29-b7c5-b46339cca8ab,61,4,4,9.110,35.960,+0.700,seoul_woman
Rep. Quarterfinals,cc28b764-9e7f-4a26-907c-598dda3bc56d,Heat 3,f0e78803-4eda-4f29-b7c5-b46339cca8ab,61,5,4,9.201,45.161,+0.441,seoul_woman
Rep. Quarterfinals,6a484bd3-14ab-4a64-9ff9-d6b10dce6c04,Heat 4,70bef581-29d2-476b-9d05-856b8b2b1016,78,1,1,7.450,7.450,0.000,seoul_woman
Rep. Quarterfinals,6a484bd3-14ab-4a64-9ff9-d6b10dce6c04,Heat 4,70bef581-29d2-476b-9d05-856b8b2b1016,78,2,1,9.510,16.960,0.000,seoul_woman
Rep. Quarterfinals,6a484bd3-14ab-4a64-9ff9-d6b10dce6c04,Heat 4,70bef581-29d2-476b-9d05-856b8b2b1016,78,3,1,9.230,26.190,0.000,seoul_woman
Rep. Quarterfinals,6a484bd3-14ab-4a64-9ff9-d6b10dce6c04,Heat 4,70bef581-29d2-476b-9d05-856b8b2b1016,78,4,1,9.470,35.660,0.000,seoul_woman
Rep. Quarterfinals,6a484bd3-14ab-4a64-9ff9-d6b10dce6c04,Heat 4,70bef581-29d2-476b-9d05-856b8b2b1016,78,5,1,9.840,45.500,0.000,seoul_woman
Rep. Quarterfinals,6a484bd3-14ab-4a64-9ff9-d6b10dce6c04,Heat 4,20f79d1e-6b2a-4804-b1a6-36908b04bc78,28,1,4,7.870,7.870,+0.420,seoul_woman
Rep. Quarterfinals,6a484bd3-14ab-4a64-9ff9-d6b10dce6c04,Heat 4,20f79d1e-6b2a-4804-b1a6-36908b04bc78,28,2,3,9.700,17.570,+0.610,seoul_woman
Rep. Quarterfinals,6a484bd3-14ab-4a64-9ff9-d6b10dce6c04,Heat 4,20f79d1e-6b2a-4804-b1a6-36908b04bc78,28,3,3,8.980,26.550,+0.360,seoul_woman
Rep. Quarterfinals,6a484bd3-14ab-4a64-9ff9-d6b10dce6c04,Heat 4,20f79d1e-6b2a-4804-b1a6-36908b04bc78,28,4,3,9.210,35.760,+0.100,seoul_woman
Rep. Quarterfinals,6a484bd3-14ab-4a64-9ff9-d6b10dce6c04,Heat 4,20f79d1e-6b2a-4804-b1a6-36908b04bc78,28,5,2,9.834,45.594,+0.094,seoul_woman
Rep. Quarterfinals,6a484bd3-14ab-4a64-9ff9-d6b10dce6c04,Heat 4,53c63257-c759-4293-8f77-23dcd451234b,50,1,2,7.690,7.690,+0.240,seoul_woman
Rep. Quarterfinals,6a484bd3-14ab-4a64-9ff9-d6b10dce6c04,Heat 4,53c63257-c759-4293-8f77-23dcd451234b,50,2,2,9.640,17.330,+0.370,seoul_woman
Rep. Quarterfinals,6a484bd3-14ab-4a64-9ff9-d6b10dce6c04,Heat 4,53c63257-c759-4293-8f77-23dcd451234b,50,3,2,9.140,26.470,+0.280,seoul_woman
Rep. Quarterfinals,6a484bd3-14ab-4a64-9ff9-d6b10dce6c04,Heat 4,53c63257-c759-4293-8f77-23dcd451234b,50,4,2,9.260,35.730,+0.070,seoul_woman
Rep. Quarterfinals,6a484bd3-14ab-4a64-9ff9-d6b10dce6c04,Heat 4,53c63257-c759-4293-8f77-23dcd451234b,50,5,3,10.037,45.767,+0.267,seoul_woman
Rep. Quarterfinals,6a484bd3-14ab-4a64-9ff9-d6b10dce6c04,Heat 4,f5194e5e-0e99-4719-9b22-d05eedfdfec8,42,1,3,7.790,7.790,+0.340,seoul_woman
Rep. Quarterfinals,6a484bd3-14ab-4a64-9ff9-d6b10dce6c04,Heat 4,f5194e5e-0e99-4719-9b22-d05eedfdfec8,42,2,4,9.910,17.700,+0.740,seoul_woman
Rep. Quarterfinals,6a484bd3-14ab-4a64-9ff9-d6b10dce6c04,Heat 4,f5194e5e-0e99-4719-9b22-d05eedfdfec8,42,3,4,9.070,26.770,+0.580,seoul_woman
Rep. Quarterfinals,6a484bd3-14ab-4a64-9ff9-d6b10dce6c04,Heat 4,f5194e5e-0e99-4719-9b22-d05eedfdfec8,42,4,4,9.170,35.940,+0.280,seoul_woman
Rep. Quarterfinals,6a484bd3-14ab-4a64-9ff9-d6b10dce6c04,Heat 4,f5194e5e-0e99-4719-9b22-d05eedfdfec8,42,5,4,9.829,45.769,+0.269,seoul_woman
Rep. Quarterfinals,6a484bd3-14ab-4a64-9ff9-d6b10dce6c04,Heat 4,b73a6ef5-604a-4a64-80d5-f13e2d5d9626,110,1,5,8.090,8.090,+0.640,seoul_woman
Rep. Quarterfinals,6a484bd3-14ab-4a64-9ff9-d6b10dce6c04,Heat 4,b73a6ef5-604a-4a64-80d5-f13e2d5d9626,110,2,5,9.790,17.880,+0.920,seoul_woman
Rep. Quarterfinals,6a484bd3-14ab-4a64-9ff9-d6b10dce6c04,Heat 4,b73a6ef5-604a-4a64-80d5-f13e2d5d9626,110,3,5,9.280,27.160,+0.970,seoul_woman
Rep. Quarterfinals,6a484bd3-14ab-4a64-9ff9-d6b10dce6c04,Heat 4,b73a6ef5-604a-4a64-80d5-f13e2d5d9626,110,4,5,9.520,36.680,+1.020,seoul_woman
Rep. Quarterfinals,6a484bd3-14ab-4a64-9ff9-d6b10dce6c04,Heat 4,b73a6ef5-604a-4a64-80d5-f13e2d5d9626,110,5,5,9.872,46.552,+1.052,seoul_woman
Rep. Quarterfinals,7259ead7-6ba6-4804-8d31-7ea5600ae4e5,Heat 5,6df8a73c-8639-4c0d-bd98-ed669b028868,54,1,1,7.440,7.440,0.000,seoul_woman
Rep. Quarterfinals,7259ead7-6ba6-4804-8d31-7ea5600ae4e5,Heat 5,6df8a73c-8639-4c0d-bd98-ed669b028868,54,2,1,9.600,17.040,0.000,seoul_woman
Rep. Quarterfinals,7259ead7-6ba6-4804-8d31-7ea5600ae4e5,Heat 5,6df8a73c-8639-4c0d-bd98-ed669b028868,54,3,1,9.140,26.180,0.000,seoul_woman
Rep. Quarterfinals,7259ead7-6ba6-4804-8d31-7ea5600ae4e5,Heat 5,6df8a73c-8639-4c0d-bd98-ed669b028868,54,4,1,9.240,35.420,0.000,seoul_woman
Rep. Quarterfinals,7259ead7-6ba6-4804-8d31-7ea5600ae4e5,Heat 5,6df8a73c-8639-4c0d-bd98-ed669b028868,54,5,1,9.484,44.904,0.000,seoul_woman
Rep. Quarterfinals,7259ead7-6ba6-4804-8d31-7ea5600ae4e5,Heat 5,bc862a99-8b83-474d-a2bb-e51db80b59e1,97,1,4,7.840,7.840,+0.400,seoul_woman
Rep. Quarterfinals,7259ead7-6ba6-4804-8d31-7ea5600ae4e5,Heat 5,bc862a99-8b83-474d-a2bb-e51db80b59e1,97,2,3,9.550,17.390,+0.350,seoul_woman
Rep. Quarterfinals,7259ead7-6ba6-4804-8d31-7ea5600ae4e5,Heat 5,bc862a99-8b83-474d-a2bb-e51db80b59e1,97,3,2,8.890,26.280,+0.100,seoul_woman
Rep. Quarterfinals,7259ead7-6ba6-4804-8d31-7ea5600ae4e5,Heat 5,bc862a99-8b83-474d-a2bb-e51db80b59e1,97,4,2,9.310,35.590,+0.170,seoul_woman
Rep. Quarterfinals,7259ead7-6ba6-4804-8d31-7ea5600ae4e5,Heat 5,bc862a99-8b83-474d-a2bb-e51db80b59e1,97,5,2,9.478,45.068,+0.164,seoul_woman
Rep. Quarterfinals,7259ead7-6ba6-4804-8d31-7ea5600ae4e5,Heat 5,9ad68731-3b70-4e4d-958b-a87b096ba0f5,72,1,3,7.790,7.790,+0.350,seoul_woman
Rep. Quarterfinals,7259ead7-6ba6-4804-8d31-7ea5600ae4e5,Heat 5,9ad68731-3b70-4e4d-958b-a87b096ba0f5,72,2,4,9.770,17.560,+0.520,seoul_woman
Rep. Quarterfinals,7259ead7-6ba6-4804-8d31-7ea5600ae4e5,Heat 5,9ad68731-3b70-4e4d-958b-a87b096ba0f5,72,3,4,8.970,26.530,+0.350,seoul_woman
Rep. Quarterfinals,7259ead7-6ba6-4804-8d31-7ea5600ae4e5,Heat 5,9ad68731-3b70-4e4d-958b-a87b096ba0f5,72,4,3,9.230,35.760,+0.340,seoul_woman
Rep. Quarterfinals,7259ead7-6ba6-4804-8d31-7ea5600ae4e5,Heat 5,9ad68731-3b70-4e4d-958b-a87b096ba0f5,72,5,3,9.480,45.240,+0.336,seoul_woman
Rep. Quarterfinals,7259ead7-6ba6-4804-8d31-7ea5600ae4e5,Heat 5,63eaa77e-e1ab-4d81-b03e-55a196ee247d,89,1,2,7.670,7.670,+0.230,seoul_woman
Rep. Quarterfinals,7259ead7-6ba6-4804-8d31-7ea5600ae4e5,Heat 5,63eaa77e-e1ab-4d81-b03e-55a196ee247d,89,2,2,9.530,17.200,+0.160,seoul_woman
Rep. Quarterfinals,7259ead7-6ba6-4804-8d31-7ea5600ae4e5,Heat 5,63eaa77e-e1ab-4d81-b03e-55a196ee247d,89,3,2,9.080,26.280,+0.100,seoul_woman
Rep. Quarterfinals,7259ead7-6ba6-4804-8d31-7ea5600ae4e5,Heat 5,63eaa77e-e1ab-4d81-b03e-55a196ee247d,89,4,4,9.710,35.990,+0.570,seoul_woman
Rep. Quarterfinals,7259ead7-6ba6-4804-8d31-7ea5600ae4e5,Heat 5,63eaa77e-e1ab-4d81-b03e-55a196ee247d,89,5,4,9.817,45.807,+0.903,seoul_woman
Rep. Quarterfinals,ca5062bc-ae3a-4222-bdc2-2a62c77df011,Heat 6,c9102b97-afc8-4faf-9150-06b16d73b3a5,25,1,1,7.550,7.550,0.000,seoul_woman
Rep. Quarterfinals,ca5062bc-ae3a-4222-bdc2-2a62c77df011,Heat 6,c9102b97-afc8-4faf-9150-06b16d73b3a5,25,2,1,9.490,17.040,0.000,seoul_woman
Rep. Quarterfinals,ca5062bc-ae3a-4222-bdc2-2a62c77df011,Heat 6,c9102b97-afc8-4faf-9150-06b16d73b3a5,25,3,1,9.040,26.080,0.000,seoul_woman
Rep. Quarterfinals,ca5062bc-ae3a-4222-bdc2-2a62c77df011,Heat 6,c9102b97-afc8-4faf-9150-06b16d73b3a5,25,4,1,9.220,35.300,0.000,seoul_woman
Rep. Quarterfinals,ca5062bc-ae3a-4222-bdc2-2a62c77df011,Heat 6,c9102b97-afc8-4faf-9150-06b16d73b3a5,25,5,1,9.479,44.779,0.000,seoul_woman
Rep. Quarterfinals,ca5062bc-ae3a-4222-bdc2-2a62c77df011,Heat 6,1ecda08f-2010-46d9-bf7a-a4696ab84c31,94,1,2,7.660,7.660,+0.110,seoul_woman
Rep. Quarterfinals,ca5062bc-ae3a-4222-bdc2-2a62c77df011,Heat 6,1ecda08f-2010-46d9-bf7a-a4696ab84c31,94,2,2,9.650,17.310,+0.270,seoul_woman
Rep. Quarterfinals,ca5062bc-ae3a-4222-bdc2-2a62c77df011,Heat 6,1ecda08f-2010-46d9-bf7a-a4696ab84c31,94,3,2,9.060,26.370,+0.290,seoul_woman
Rep. Quarterfinals,ca5062bc-ae3a-4222-bdc2-2a62c77df011,Heat 6,1ecda08f-2010-46d9-bf7a-a4696ab84c31,94,4,2,9.210,35.580,+0.280,seoul_woman
Rep. Quarterfinals,ca5062bc-ae3a-4222-bdc2-2a62c77df011,Heat 6,1ecda08f-2010-46d9-bf7a-a4696ab84c31,94,5,2,9.457,45.037,+0.258,seoul_woman
Rep. Quarterfinals,ca5062bc-ae3a-4222-bdc2-2a62c77df011,Heat 6,216b5d89-848a-4830-9fe3-2fba1e366969,39,1,4,8.020,8.020,+0.470,seoul_woman
Rep. Quarterfinals,ca5062bc-ae3a-4222-bdc2-2a62c77df011,Heat 6,216b5d89-848a-4830-9fe3-2fba1e366969,39,2,4,9.600,17.620,+0.580,seoul_woman
Rep. Quarterfinals,ca5062bc-ae3a-4222-bdc2-2a62c77df011,Heat 6,216b5d89-848a-4830-9fe3-2fba1e366969,39,3,4,8.880,26.500,+0.420,seoul_woman
Rep. Quarterfinals,ca5062bc-ae3a-4222-bdc2-2a62c77df011,Heat 6,216b5d89-848a-4830-9fe3-2fba1e366969,39,4,3,9.210,35.710,+0.410,seoul_woman
Rep. Quarterfinals,ca5062bc-ae3a-4222-bdc2-2a62c77df011,Heat 6,216b5d89-848a-4830-9fe3-2fba1e366969,39,5,3,9.345,45.055,+0.276,seoul_woman
Rep. Quarterfinals,ca5062bc-ae3a-4222-bdc2-2a62c77df011,Heat 6,7cb688bb-5c6c-4a9e-b4a8-880eced53c45,55,1,3,7.890,7.890,+0.340,seoul_woman
Rep. Quarterfinals,ca5062bc-ae3a-4222-bdc2-2a62c77df011,Heat 6,7cb688bb-5c6c-4a9e-b4a8-880eced53c45,55,2,3,9.550,17.440,+0.400,seoul_woman
Rep. Quarterfinals,ca5062bc-ae3a-4222-bdc2-2a62c77df011,Heat 6,7cb688bb-5c6c-4a9e-b4a8-880eced53c45,55,3,3,9.010,26.450,+0.370,seoul_woman
Rep. Quarterfinals,ca5062bc-ae3a-4222-bdc2-2a62c77df011,Heat 6,7cb688bb-5c6c-4a9e-b4a8-880eced53c45,55,4,4,9.430,35.880,+0.580,seoul_woman
Rep. Quarterfinals,ca5062bc-ae3a-4222-bdc2-2a62c77df011,Heat 6,7cb688bb-5c6c-4a9e-b4a8-880eced53c45,55,5,4,9.406,45.286,+0.507,seoul_woman
Rep. Semifinals,0c436b92-a6e6-48a2-9b8b-db968981f631,Heat 1,c9102b97-afc8-4faf-9150-06b16d73b3a5,25,1,2,7.620,7.620,+0.190,seoul_woman
Rep. Semifinals,0c436b92-a6e6-48a2-9b8b-db968981f631,Heat 1,c9102b97-afc8-4faf-9150-06b16d73b3a5,25,2,2,9.800,17.420,+0.100,seoul_woman
Rep. Semifinals,0c436b92-a6e6-48a2-9b8b-db968981f631,Heat 1,c9102b97-afc8-4faf-9150-06b16d73b3a5,25,3,2,9.020,26.440,+0.100,seoul_woman
Rep. Semifinals,0c436b92-a6e6-48a2-9b8b-db968981f631,Heat 1,c9102b97-afc8-4faf-9150-06b16d73b3a5,25,4,2,9.100,35.540,+0.010,seoul_woman
Rep. Semifinals,0c436b92-a6e6-48a2-9b8b-db968981f631,Heat 1,c9102b97-afc8-4faf-9150-06b16d73b3a5,25,5,1,9.581,45.121,0.000,seoul_woman
Rep. Semifinals,0c436b92-a6e6-48a2-9b8b-db968981f631,Heat 1,bc862a99-8b83-474d-a2bb-e51db80b59e1,97,1,1,7.430,7.430,0.000,seoul_woman
Rep. Semifinals,0c436b92-a6e6-48a2-9b8b-db968981f631,Heat 1,bc862a99-8b83-474d-a2bb-e51db80b59e1,97,2,1,9.890,17.320,0.000,seoul_woman
Rep. Semifinals,0c436b92-a6e6-48a2-9b8b-db968981f631,Heat 1,bc862a99-8b83-474d-a2bb-e51db80b59e1,97,3,1,9.020,26.340,0.000,seoul_woman
Rep. Semifinals,0c436b92-a6e6-48a2-9b8b-db968981f631,Heat 1,bc862a99-8b83-474d-a2bb-e51db80b59e1,97,4,1,9.190,35.530,0.000,seoul_woman
Rep. Semifinals,0c436b92-a6e6-48a2-9b8b-db968981f631,Heat 1,bc862a99-8b83-474d-a2bb-e51db80b59e1,97,5,2,9.602,45.132,+0.011,seoul_woman
Rep. Semifinals,0c436b92-a6e6-48a2-9b8b-db968981f631,Heat 1,165b73ae-ea23-4503-8477-9b35f736bf84,40,1,3,7.910,7.910,+0.480,seoul_woman
Rep. Semifinals,0c436b92-a6e6-48a2-9b8b-db968981f631,Heat 1,165b73ae-ea23-4503-8477-9b35f736bf84,40,2,3,9.750,17.660,+0.340,seoul_woman
Rep. Semifinals,0c436b92-a6e6-48a2-9b8b-db968981f631,Heat 1,165b73ae-ea23-4503-8477-9b35f736bf84,40,3,3,9.120,26.780,+0.440,seoul_woman
Rep. Semifinals,0c436b92-a6e6-48a2-9b8b-db968981f631,Heat 1,165b73ae-ea23-4503-8477-9b35f736bf84,40,4,3,9.130,35.910,+0.380,seoul_woman
Rep. Semifinals,0c436b92-a6e6-48a2-9b8b-db968981f631,Heat 1,165b73ae-ea23-4503-8477-9b35f736bf84,40,5,3,9.472,45.382,+0.261,seoul_woman
Rep. Semifinals,0c436b92-a6e6-48a2-9b8b-db968981f631,Heat 1,9a80c6d5-649b-44fe-86d4-fb90b2c8c654,69,1,4,7.940,7.940,+0.510,seoul_woman
Rep. Semifinals,0c436b92-a6e6-48a2-9b8b-db968981f631,Heat 1,9a80c6d5-649b-44fe-86d4-fb90b2c8c654,69,2,4,9.970,17.910,+0.590,seoul_woman
Rep. Semifinals,0c436b92-a6e6-48a2-9b8b-db968981f631,Heat 1,9a80c6d5-649b-44fe-86d4-fb90b2c8c654,69,3,4,9.180,27.090,+0.750,seoul_woman
Rep. Semifinals,0c436b92-a6e6-48a2-9b8b-db968981f631,Heat 1,9a80c6d5-649b-44fe-86d4-fb90b2c8c654,69,4,4,9.070,36.160,+0.630,seoul_woman
Rep. Semifinals,0c436b92-a6e6-48a2-9b8b-db968981f631,Heat 1,9a80c6d5-649b-44fe-86d4-fb90b2c8c654,69,5,4,9.298,45.458,+0.337,seoul_woman
Rep. Semifinals,0c436b92-a6e6-48a2-9b8b-db968981f631,Heat 1,70bef581-29d2-476b-9d05-856b8b2b1016,78,1,4,7.940,7.940,+0.510,seoul_woman
Rep. Semifinals,0c436b92-a6e6-48a2-9b8b-db968981f631,Heat 1,70bef581-29d2-476b-9d05-856b8b2b1016,78,2,5,10.120,18.060,+0.740,seoul_woman
Rep. Semifinals,0c436b92-a6e6-48a2-9b8b-db968981f631,Heat 1,70bef581-29d2-476b-9d05-856b8b2b1016,78,3,5,9.160,27.220,+0.880,seoul_woman
Rep. Semifinals,0c436b92-a6e6-48a2-9b8b-db968981f631,Heat 1,70bef581-29d2-476b-9d05-856b8b2b1016,78,4,5,9.110,36.330,+0.800,seoul_woman
Rep. Semifinals,0c436b92-a6e6-48a2-9b8b-db968981f631,Heat 1,70bef581-29d2-476b-9d05-856b8b2b1016,78,5,5,9.314,45.644,+0.523,seoul_woman
Rep. Semifinals,a7b33464-1745-42ca-b56f-c3e4061d0264,Heat 2,d2927e4c-0031-433f-beae-ff993a972c19,23,1,2,7.420,7.420,+0.140,seoul_woman
Rep. Semifinals,a7b33464-1745-42ca-b56f-c3e4061d0264,Heat 2,d2927e4c-0031-433f-beae-ff993a972c19,23,2,2,9.350,16.770,+0.110,seoul_woman
Rep. Semifinals,a7b33464-1745-42ca-b56f-c3e4061d0264,Heat 2,d2927e4c-0031-433f-beae-ff993a972c19,23,3,2,9.010,25.780,+0.080,seoul_woman
Rep. Semifinals,a7b33464-1745-42ca-b56f-c3e4061d0264,Heat 2,d2927e4c-0031-433f-beae-ff993a972c19,23,4,1,9.080,34.860,0.000,seoul_woman
Rep. Semifinals,a7b33464-1745-42ca-b56f-c3e4061d0264,Heat 2,d2927e4c-0031-433f-beae-ff993a972c19,23,5,1,9.295,44.155,0.000,seoul_woman
Rep. Semifinals,a7b33464-1745-42ca-b56f-c3e4061d0264,Heat 2,8df9fd76-b493-434e-9a57-e850fc7893a8,82,1,1,7.280,7.280,0.000,seoul_woman
Rep. Semifinals,a7b33464-1745-42ca-b56f-c3e4061d0264,Heat 2,8df9fd76-b493-434e-9a57-e850fc7893a8,82,2,1,9.380,16.660,0.000,seoul_woman
Rep. Semifinals,a7b33464-1745-42ca-b56f-c3e4061d0264,Heat 2,8df9fd76-b493-434e-9a57-e850fc7893a8,82,3,1,9.040,25.700,0.000,seoul_woman
Rep. Semifinals,a7b33464-1745-42ca-b56f-c3e4061d0264,Heat 2,8df9fd76-b493-434e-9a57-e850fc7893a8,82,4,2,9.280,34.980,+0.120,seoul_woman
Rep. Semifinals,a7b33464-1745-42ca-b56f-c3e4061d0264,Heat 2,8df9fd76-b493-434e-9a57-e850fc7893a8,82,5,2,9.262,44.242,+0.087,seoul_woman
Rep. Semifinals,a7b33464-1745-42ca-b56f-c3e4061d0264,Heat 2,1ecda08f-2010-46d9-bf7a-a4696ab84c31,94,1,5,7.880,7.880,+0.600,seoul_woman
Rep. Semifinals,a7b33464-1745-42ca-b56f-c3e4061d0264,Heat 2,1ecda08f-2010-46d9-bf7a-a4696ab84c31,94,2,5,9.490,17.370,+0.710,seoul_woman
Rep. Semifinals,a7b33464-1745-42ca-b56f-c3e4061d0264,Heat 2,1ecda08f-2010-46d9-bf7a-a4696ab84c31,94,3,4,8.770,26.140,+0.440,seoul_woman
Rep. Semifinals,a7b33464-1745-42ca-b56f-c3e4061d0264,Heat 2,1ecda08f-2010-46d9-bf7a-a4696ab84c31,94,4,3,8.950,35.090,+0.230,seoul_woman
Rep. Semifinals,a7b33464-1745-42ca-b56f-c3e4061d0264,Heat 2,1ecda08f-2010-46d9-bf7a-a4696ab84c31,94,5,3,9.200,44.290,+0.135,seoul_woman
Rep. Semifinals,a7b33464-1745-42ca-b56f-c3e4061d0264,Heat 2,e419decc-5bcf-40ac-aa0f-2910567c563e,58,1,3,7.700,7.700,+0.420,seoul_woman
Rep. Semifinals,a7b33464-1745-42ca-b56f-c3e4061d0264,Heat 2,e419decc-5bcf-40ac-aa0f-2910567c563e,58,2,3,9.400,17.100,+0.440,seoul_woman
Rep. Semifinals,a7b33464-1745-42ca-b56f-c3e4061d0264,Heat 2,e419decc-5bcf-40ac-aa0f-2910567c563e,58,3,3,8.940,26.040,+0.340,seoul_woman
Rep. Semifinals,a7b33464-1745-42ca-b56f-c3e4061d0264,Heat 2,e419decc-5bcf-40ac-aa0f-2910567c563e,58,4,4,9.230,35.270,+0.410,seoul_woman
Rep. Semifinals,a7b33464-1745-42ca-b56f-c3e4061d0264,Heat 2,e419decc-5bcf-40ac-aa0f-2910567c563e,58,5,4,9.484,44.754,+0.599,seoul_woman
Rep. Semifinals,a7b33464-1745-42ca-b56f-c3e4061d0264,Heat 2,6df8a73c-8639-4c0d-bd98-ed669b028868,54,1,4,7.780,7.780,+0.500,seoul_woman
Rep. Semifinals,a7b33464-1745-42ca-b56f-c3e4061d0264,Heat 2,6df8a73c-8639-4c0d-bd98-ed669b028868,54,2,4,9.500,17.280,+0.620,seoul_woman
Rep. Semifinals,a7b33464-1745-42ca-b56f-c3e4061d0264,Heat 2,6df8a73c-8639-4c0d-bd98-ed669b028868,54,3,5,9.050,26.330,+0.630,seoul_woman
Rep. Semifinals,a7b33464-1745-42ca-b56f-c3e4061d0264,Heat 2,6df8a73c-8639-4c0d-bd98-ed669b028868,54,4,5,9.200,35.530,+0.670,seoul_woman
Rep. Semifinals,a7b33464-1745-42ca-b56f-c3e4061d0264,Heat 2,6df8a73c-8639-4c0d-bd98-ed669b028868,54,5,5,9.675,45.205,+1.050,seoul_woman
Quarterfinals,7d09504b-6fea-4136-b9d3-5cb3e86c00ae,Heat 1,aafbbe68-5977-440f-833c-efc955a05625,2,1,2,7.340,7.340,+0.070,seoul_woman
Quarterfinals,7d09504b-6fea-4136-b9d3-5cb3e86c00ae,Heat 1,aafbbe68-5977-440f-833c-efc955a05625,2,2,1,9.320,16.660,0.000,seoul_woman
Quarterfinals,7d09504b-6fea-4136-b9d3-5cb3e86c00ae,Heat 1,aafbbe68-5977-440f-833c-efc955a05625,2,3,1,8.650,25.310,0.000,seoul_woman
Quarterfinals,7d09504b-6fea-4136-b9d3-5cb3e86c00ae,Heat 1,aafbbe68-5977-440f-833c-efc955a05625,2,4,1,8.680,33.990,0.000,seoul_woman
Quarterfinals,7d09504b-6fea-4136-b9d3-5cb3e86c00ae,Heat 1,aafbbe68-5977-440f-833c-efc955a05625,2,5,1,8.997,42.987,0.000,seoul_woman
Quarterfinals,7d09504b-6fea-4136-b9d3-5cb3e86c00ae,Heat 1,f0868a34-8fcf-4ba3-b9f8-893125d80fe3,105,1,1,7.270,7.270,0.000,seoul_woman
Quarterfinals,7d09504b-6fea-4136-b9d3-5cb3e86c00ae,Heat 1,f0868a34-8fcf-4ba3-b9f8-893125d80fe3,105,2,2,9.420,16.690,+0.030,seoul_woman
Quarterfinals,7d09504b-6fea-4136-b9d3-5cb3e86c00ae,Heat 1,f0868a34-8fcf-4ba3-b9f8-893125d80fe3,105,3,2,8.820,25.510,+0.200,seoul_woman
Quarterfinals,7d09504b-6fea-4136-b9d3-5cb3e86c00ae,Heat 1,f0868a34-8fcf-4ba3-b9f8-893125d80fe3,105,4,2,8.950,34.460,+0.470,seoul_woman
Quarterfinals,7d09504b-6fea-4136-b9d3-5cb3e86c00ae,Heat 1,f0868a34-8fcf-4ba3-b9f8-893125d80fe3,105,5,2,9.288,43.748,+0.761,seoul_woman
Quarterfinals,7d09504b-6fea-4136-b9d3-5cb3e86c00ae,Heat 1,3b92e263-959d-4148-bc28-6b249321e65a,86,1,4,7.490,7.490,+0.220,seoul_woman
Quarterfinals,7d09504b-6fea-4136-b9d3-5cb3e86c00ae,Heat 1,3b92e263-959d-4148-bc28-6b249321e65a,86,2,3,9.450,16.940,+0.280,seoul_woman
Quarterfinals,7d09504b-6fea-4136-b9d3-5cb3e86c00ae,Heat 1,3b92e263-959d-4148-bc28-6b249321e65a,86,3,3,8.730,25.670,+0.360,seoul_woman
Quarterfinals,7d09504b-6fea-4136-b9d3-5cb3e86c00ae,Heat 1,3b92e263-959d-4148-bc28-6b249321e65a,86,4,3,8.920,34.590,+0.600,seoul_woman
Quarterfinals,7d09504b-6fea-4136-b9d3-5cb3e86c00ae,Heat 1,3b92e263-959d-4148-bc28-6b249321e65a,86,5,3,9.213,43.803,+0.816,seoul_woman
Quarterfinals,7d09504b-6fea-4136-b9d3-5cb3e86c00ae,Heat 1,92c49e26-634d-43d6-9872-b7d5f1c4ba87,13,1,5,7.810,7.810,+0.540,seoul_woman
Quarterfinals,7d09504b-6fea-4136-b9d3-5cb3e86c00ae,Heat 1,92c49e26-634d-43d6-9872-b7d5f1c4ba87,13,2,5,9.280,17.090,+0.430,seoul_woman
Quarterfinals,7d09504b-6fea-4136-b9d3-5cb3e86c00ae,Heat 1,92c49e26-634d-43d6-9872-b7d5f1c4ba87,13,3,4,8.690,25.780,+0.470,seoul_woman
Quarterfinals,7d09504b-6fea-4136-b9d3-5cb3e86c00ae,Heat 1,92c49e26-634d-43d6-9872-b7d5f1c4ba87,13,4,4,8.840,34.620,+0.630,seoul_woman
Quarterfinals,7d09504b-6fea-4136-b9d3-5cb3e86c00ae,Heat 1,92c49e26-634d-43d6-9872-b7d5f1c4ba87,13,5,4,9.400,44.020,+1.033,seoul_woman
Quarterfinals,7d09504b-6fea-4136-b9d3-5cb3e86c00ae,Heat 1,a0337d9b-d1ea-42e6-b9b3-ac83e0e11cd8,59,1,3,7.450,7.450,+0.180,seoul_woman
Quarterfinals,7d09504b-6fea-4136-b9d3-5cb3e86c00ae,Heat 1,a0337d9b-d1ea-42e6-b9b3-ac83e0e11cd8,59,2,4,9.580,17.030,+0.370,seoul_woman
Quarterfinals,7d09504b-6fea-4136-b9d3-5cb3e86c00ae,Heat 1,a0337d9b-d1ea-42e6-b9b3-ac83e0e11cd8,59,3,5,8.830,25.860,+0.550,seoul_woman
Quarterfinals,7d09504b-6fea-4136-b9d3-5cb3e86c00ae,Heat 1,a0337d9b-d1ea-42e6-b9b3-ac83e0e11cd8,59,4,5,8.900,34.760,+0.770,seoul_woman
Quarterfinals,7d09504b-6fea-4136-b9d3-5cb3e86c00ae,Heat 1,a0337d9b-d1ea-42e6-b9b3-ac83e0e11cd8,59,5,5,9.422,44.182,+1.195,seoul_woman
Quarterfinals,09fc2212-6d7a-4c65-b0bf-93e0d9bf2530,Heat 2,e59a1327-d3f9-484f-a685-4d44a869bfbf,3,1,1,7.270,7.270,0.000,seoul_woman
Quarterfinals,09fc2212-6d7a-4c65-b0bf-93e0d9bf2530,Heat 2,e59a1327-d3f9-484f-a685-4d44a869bfbf,3,2,1,9.120,16.390,0.000,seoul_woman
Quarterfinals,09fc2212-6d7a-4c65-b0bf-93e0d9bf2530,Heat 2,e59a1327-d3f9-484f-a685-4d44a869bfbf,3,3,1,8.610,25.000,0.000,seoul_woman
Quarterfinals,09fc2212-6d7a-4c65-b0bf-93e0d9bf2530,Heat 2,e59a1327-d3f9-484f-a685-4d44a869bfbf,3,4,1,8.880,33.880,0.000,seoul_woman
Quarterfinals,09fc2212-6d7a-4c65-b0bf-93e0d9bf2530,Heat 2,e59a1327-d3f9-484f-a685-4d44a869bfbf,3,5,1,9.221,43.101,0.000,seoul_woman
Quarterfinals,09fc2212-6d7a-4c65-b0bf-93e0d9bf2530,Heat 2,5f41d2e8-95ba-4d77-a0e0-2849b475b983,4,1,5,7.820,7.820,+0.550,seoul_woman
Quarterfinals,09fc2212-6d7a-4c65-b0bf-93e0d9bf2530,Heat 2,5f41d2e8-95ba-4d77-a0e0-2849b475b983,4,2,5,9.180,17.000,+0.610,seoul_woman
Quarterfinals,09fc2212-6d7a-4c65-b0bf-93e0d9bf2530,Heat 2,5f41d2e8-95ba-4d77-a0e0-2849b475b983,4,3,4,8.760,25.760,+0.760,seoul_woman
Quarterfinals,09fc2212-6d7a-4c65-b0bf-93e0d9bf2530,Heat 2,5f41d2e8-95ba-4d77-a0e0-2849b475b983,4,4,4,9.030,34.790,+0.910,seoul_woman
Quarterfinals,09fc2212-6d7a-4c65-b0bf-93e0d9bf2530,Heat 2,5f41d2e8-95ba-4d77-a0e0-2849b475b983,4,5,3,9.279,44.069,+0.968,seoul_woman
Quarterfinals,09fc2212-6d7a-4c65-b0bf-93e0d9bf2530,Heat 2,50cb4da6-cb12-4c2c-a4e8-af0321e5425c,45,1,2,7.420,7.420,+0.150,seoul_woman
Quarterfinals,09fc2212-6d7a-4c65-b0bf-93e0d9bf2530,Heat 2,50cb4da6-cb12-4c2c-a4e8-af0321e5425c,45,2,3,9.200,16.620,+0.230,seoul_woman
Quarterfinals,09fc2212-6d7a-4c65-b0bf-93e0d9bf2530,Heat 2,50cb4da6-cb12-4c2c-a4e8-af0321e5425c,45,3,2,8.920,25.540,+0.540,seoul_woman
Quarterfinals,09fc2212-6d7a-4c65-b0bf-93e0d9bf2530,Heat 2,50cb4da6-cb12-4c2c-a4e8-af0321e5425c,45,4,2,9.060,34.600,+0.720,seoul_woman
Quarterfinals,09fc2212-6d7a-4c65-b0bf-93e0d9bf2530,Heat 2,50cb4da6-cb12-4c2c-a4e8-af0321e5425c,45,5,2,9.494,44.094,+0.993,seoul_woman
Quarterfinals,09fc2212-6d7a-4c65-b0bf-93e0d9bf2530,Heat 2,d2c5f17b-aae0-4f38-a663-5ae155346501,7,1,4,7.680,7.680,+0.410,seoul_woman
Quarterfinals,09fc2212-6d7a-4c65-b0bf-93e0d9bf2530,Heat 2,d2c5f17b-aae0-4f38-a663-5ae155346501,7,2,4,9.190,16.870,+0.480,seoul_woman
Quarterfinals,09fc2212-6d7a-4c65-b0bf-93e0d9bf2530,Heat 2,d2c5f17b-aae0-4f38-a663-5ae155346501,7,3,3,8.800,25.670,+0.670,seoul_woman
Quarterfinals,09fc2212-6d7a-4c65-b0bf-93e0d9bf2530,Heat 2,d2c5f17b-aae0-4f38-a663-5ae155346501,7,4,3,9.040,34.710,+0.830,seoul_woman
Quarterfinals,09fc2212-6d7a-4c65-b0bf-93e0d9bf2530,Heat 2,d2c5f17b-aae0-4f38-a663-5ae155346501,7,5,4,9.572,44.282,+1.181,seoul_woman
Quarterfinals,09fc2212-6d7a-4c65-b0bf-93e0d9bf2530,Heat 2,bce0f8e1-9172-4cd2-9396-25fca65dcff4,18,1,3,7.530,7.530,+0.260,seoul_woman
Quarterfinals,09fc2212-6d7a-4c65-b0bf-93e0d9bf2530,Heat 2,bce0f8e1-9172-4cd2-9396-25fca65dcff4,18,2,2,9.080,16.610,+0.220,seoul_woman
Quarterfinals,09fc2212-6d7a-4c65-b0bf-93e0d9bf2530,Heat 2,bce0f8e1-9172-4cd2-9396-25fca65dcff4,18,3,5,33.180,49.790,+24.790,seoul_woman
Quarterfinals,6e24347c-e353-477b-b0c0-5a05afc02601,Heat 3,7f93311a-945e-438a-a403-9a4a0fe55a3b,32,1,1,7.040,7.040,0.000,seoul_woman
Quarterfinals,6e24347c-e353-477b-b0c0-5a05afc02601,Heat 3,7f93311a-945e-438a-a403-9a4a0fe55a3b,32,2,2,9.330,16.370,+0.090,seoul_woman
Quarterfinals,6e24347c-e353-477b-b0c0-5a05afc02601,Heat 3,7f93311a-945e-438a-a403-9a4a0fe55a3b,32,3,2,8.730,25.100,+0.030,seoul_woman
Quarterfinals,6e24347c-e353-477b-b0c0-5a05afc02601,Heat 3,7f93311a-945e-438a-a403-9a4a0fe55a3b,32,4,1,8.800,33.900,0.000,seoul_woman
Quarterfinals,6e24347c-e353-477b-b0c0-5a05afc02601,Heat 3,7f93311a-945e-438a-a403-9a4a0fe55a3b,32,5,1,9.192,43.092,0.000,seoul_woman
Quarterfinals,6e24347c-e353-477b-b0c0-5a05afc02601,Heat 3,5c1eed82-2fb1-4cfc-9af6-46bd36a1b3a7,27,1,2,7.160,7.160,+0.120,seoul_woman
Quarterfinals,6e24347c-e353-477b-b0c0-5a05afc02601,Heat 3,5c1eed82-2fb1-4cfc-9af6-46bd36a1b3a7,27,2,1,9.120,16.280,0.000,seoul_woman
Quarterfinals,6e24347c-e353-477b-b0c0-5a05afc02601,Heat 3,5c1eed82-2fb1-4cfc-9af6-46bd36a1b3a7,27,3,1,8.790,25.070,0.000,seoul_woman
Quarterfinals,6e24347c-e353-477b-b0c0-5a05afc02601,Heat 3,5c1eed82-2fb1-4cfc-9af6-46bd36a1b3a7,27,4,2,9.020,34.090,+0.190,seoul_woman
Quarterfinals,6e24347c-e353-477b-b0c0-5a05afc02601,Heat 3,5c1eed82-2fb1-4cfc-9af6-46bd36a1b3a7,27,5,2,9.075,43.165,+0.073,seoul_woman
Quarterfinals,6e24347c-e353-477b-b0c0-5a05afc02601,Heat 3,e013b51e-a231-480c-af82-9c4375efe88f,90,1,3,7.290,7.290,+0.250,seoul_woman
Quarterfinals,6e24347c-e353-477b-b0c0-5a05afc02601,Heat 3,e013b51e-a231-480c-af82-9c4375efe88f,90,2,3,9.150,16.440,+0.160,seoul_woman
Quarterfinals,6e24347c-e353-477b-b0c0-5a05afc02601,Heat 3,e013b51e-a231-480c-af82-9c4375efe88f,90,3,3,8.770,25.210,+0.140,seoul_woman
Quarterfinals,6e24347c-e353-477b-b0c0-5a05afc02601,Heat 3,e013b51e-a231-480c-af82-9c4375efe88f,90,4,3,8.930,34.140,+0.240,seoul_woman
Quarterfinals,6e24347c-e353-477b-b0c0-5a05afc02601,Heat 3,e013b51e-a231-480c-af82-9c4375efe88f,90,5,3,9.046,43.186,+0.094,seoul_woman
Quarterfinals,6e24347c-e353-477b-b0c0-5a05afc02601,Heat 3,696ce39e-3a18-4c72-a1a8-b13d5475ef96,36,1,4,7.460,7.460,+0.420,seoul_woman
Quarterfinals,6e24347c-e353-477b-b0c0-5a05afc02601,Heat 3,696ce39e-3a18-4c72-a1a8-b13d5475ef96,36,2,4,9.140,16.600,+0.320,seoul_woman
Quarterfinals,6e24347c-e353-477b-b0c0-5a05afc02601,Heat 3,696ce39e-3a18-4c72-a1a8-b13d5475ef96,36,3,4,8.750,25.350,+0.280,seoul_woman
Quarterfinals,6e24347c-e353-477b-b0c0-5a05afc02601,Heat 3,696ce39e-3a18-4c72-a1a8-b13d5475ef96,36,4,4,8.950,34.300,+0.400,seoul_woman
Quarterfinals,6e24347c-e353-477b-b0c0-5a05afc02601,Heat 3,696ce39e-3a18-4c72-a1a8-b13d5475ef96,36,5,4,9.394,43.694,+0.602,seoul_woman
Quarterfinals,6e24347c-e353-477b-b0c0-5a05afc02601,Heat 3,c9102b97-afc8-4faf-9150-06b16d73b3a5,25,1,5,7.800,7.800,+0.760,seoul_woman
Quarterfinals,6e24347c-e353-477b-b0c0-5a05afc02601,Heat 3,c9102b97-afc8-4faf-9150-06b16d73b3a5,25,2,5,9.280,17.080,+0.800,seoul_woman
Quarterfinals,6e24347c-e353-477b-b0c0-5a05afc02601,Heat 3,c9102b97-afc8-4faf-9150-06b16d73b3a5,25,3,5,8.840,25.920,+0.850,seoul_woman
Quarterfinals,6e24347c-e353-477b-b0c0-5a05afc02601,Heat 3,c9102b97-afc8-4faf-9150-06b16d73b3a5,25,4,5,9.080,35.000,+1.100,seoul_woman
Quarterfinals,6e24347c-e353-477b-b0c0-5a05afc02601,Heat 3,c9102b97-afc8-4faf-9150-06b16d73b3a5,25,5,5,9.367,44.367,+1.275,seoul_woman
Quarterfinals,bc7b8087-0058-49dd-bfd8-408290e0793a,Heat 4,028a9faf-bb78-4a91-9a71-9f61589d80fd,1,1,3,7.530,7.530,+0.200,seoul_woman
Quarterfinals,bc7b8087-0058-49dd-bfd8-408290e0793a,Heat 4,028a9faf-bb78-4a91-9a71-9f61589d80fd,1,2,3,9.300,16.830,+0.230,seoul_woman
Quarterfinals,bc7b8087-0058-49dd-bfd8-408290e0793a,Heat 4,028a9faf-bb78-4a91-9a71-9f61589d80fd,1,3,3,8.640,25.470,+0.150,seoul_woman
Quarterfinals,bc7b8087-0058-49dd-bfd8-408290e0793a,Heat 4,028a9faf-bb78-4a91-9a71-9f61589d80fd,1,4,1,8.920,34.390,0.000,seoul_woman
Quarterfinals,bc7b8087-0058-49dd-bfd8-408290e0793a,Heat 4,028a9faf-bb78-4a91-9a71-9f61589d80fd,1,5,1,9.327,43.717,0.000,seoul_woman
Quarterfinals,bc7b8087-0058-49dd-bfd8-408290e0793a,Heat 4,d2927e4c-0031-433f-beae-ff993a972c19,23,1,5,7.750,7.750,+0.420,seoul_woman
Quarterfinals,bc7b8087-0058-49dd-bfd8-408290e0793a,Heat 4,d2927e4c-0031-433f-beae-ff993a972c19,23,2,5,9.320,17.070,+0.470,seoul_woman
Quarterfinals,bc7b8087-0058-49dd-bfd8-408290e0793a,Heat 4,d2927e4c-0031-433f-beae-ff993a972c19,23,3,5,8.660,25.730,+0.410,seoul_woman
Quarterfinals,bc7b8087-0058-49dd-bfd8-408290e0793a,Heat 4,d2927e4c-0031-433f-beae-ff993a972c19,23,4,5,8.910,34.640,+0.250,seoul_woman
Quarterfinals,bc7b8087-0058-49dd-bfd8-408290e0793a,Heat 4,d2927e4c-0031-433f-beae-ff993a972c19,23,5,2,9.309,43.949,+0.232,seoul_woman
Quarterfinals,bc7b8087-0058-49dd-bfd8-408290e0793a,Heat 4,e75e89fe-2989-441b-b579-cdbe5deb05dc,5,1,4,7.650,7.650,+0.320,seoul_woman
Quarterfinals,bc7b8087-0058-49dd-bfd8-408290e0793a,Heat 4,e75e89fe-2989-441b-b579-cdbe5deb05dc,5,2,4,9.290,16.940,+0.340,seoul_woman
Quarterfinals,bc7b8087-0058-49dd-bfd8-408290e0793a,Heat 4,e75e89fe-2989-441b-b579-cdbe5deb05dc,5,3,4,8.630,25.570,+0.250,seoul_woman
Quarterfinals,bc7b8087-0058-49dd-bfd8-408290e0793a,Heat 4,e75e89fe-2989-441b-b579-cdbe5deb05dc,5,4,2,8.870,34.440,+0.050,seoul_woman
Quarterfinals,bc7b8087-0058-49dd-bfd8-408290e0793a,Heat 4,e75e89fe-2989-441b-b579-cdbe5deb05dc,5,5,3,9.623,44.063,+0.346,seoul_woman
Quarterfinals,bc7b8087-0058-49dd-bfd8-408290e0793a,Heat 4,5f08259b-c0c0-4bd3-9ea5-eb2401fed5fb,12,1,1,7.330,7.330,0.000,seoul_woman
Quarterfinals,bc7b8087-0058-49dd-bfd8-408290e0793a,Heat 4,5f08259b-c0c0-4bd3-9ea5-eb2401fed5fb,12,2,1,9.270,16.600,0.000,seoul_woman
Quarterfinals,bc7b8087-0058-49dd-bfd8-408290e0793a,Heat 4,5f08259b-c0c0-4bd3-9ea5-eb2401fed5fb,12,3,1,8.720,25.320,0.000,seoul_woman
Quarterfinals,bc7b8087-0058-49dd-bfd8-408290e0793a,Heat 4,5f08259b-c0c0-4bd3-9ea5-eb2401fed5fb,12,4,3,9.130,34.450,+0.060,seoul_woman
Quarterfinals,bc7b8087-0058-49dd-bfd8-408290e0793a,Heat 4,5f08259b-c0c0-4bd3-9ea5-eb2401fed5fb,12,5,4,9.730,44.180,+0.463,seoul_woman
Quarterfinals,bc7b8087-0058-49dd-bfd8-408290e0793a,Heat 4,bd14513f-84ae-4214-82ae-f2b2aca8d112,21,1,2,7.360,7.360,+0.030,seoul_woman
Quarterfinals,bc7b8087-0058-49dd-bfd8-408290e0793a,Heat 4,bd14513f-84ae-4214-82ae-f2b2aca8d112,21,2,2,9.330,16.690,+0.090,seoul_woman
Quarterfinals,bc7b8087-0058-49dd-bfd8-408290e0793a,Heat 4,bd14513f-84ae-4214-82ae-f2b2aca8d112,21,3,2,8.700,25.390,+0.070,seoul_woman
Quarterfinals,bc7b8087-0058-49dd-bfd8-408290e0793a,Heat 4,bd14513f-84ae-4214-82ae-f2b2aca8d112,21,4,3,9.060,34.450,+0.060,seoul_woman
Quarterfinals,bc7b8087-0058-49dd-bfd8-408290e0793a,Heat 4,bd14513f-84ae-4214-82ae-f2b2aca8d112,21,5,5,28.705,1:03.155,+19.438,seoul_woman
Semifinals,71610cd4-9f07-4437-a3cd-17a4f63ab1d4,Heat 1,aafbbe68-5977-440f-833c-efc955a05625,2,1,1,7.330,7.330,0.000,seoul_woman
Semifinals,71610cd4-9f07-4437-a3cd-17a4f63ab1d4,Heat 1,aafbbe68-5977-440f-833c-efc955a05625,2,2,1,9.290,16.620,0.000,seoul_woman
Semifinals,71610cd4-9f07-4437-a3cd-17a4f63ab1d4,Heat 1,aafbbe68-5977-440f-833c-efc955a05625,2,3,1,8.680,25.300,0.000,seoul_woman
Semifinals,71610cd4-9f07-4437-a3cd-17a4f63ab1d4,Heat 1,aafbbe68-5977-440f-833c-efc955a05625,2,4,1,8.860,34.160,0.000,seoul_woman
Semifinals,71610cd4-9f07-4437-a3cd-17a4f63ab1d4,Heat 1,aafbbe68-5977-440f-833c-efc955a05625,2,5,1,9.208,43.368,0.000,seoul_woman
Semifinals,71610cd4-9f07-4437-a3cd-17a4f63ab1d4,Heat 1,028a9faf-bb78-4a91-9a71-9f61589d80fd,1,1,3,7.550,7.550,+0.220,seoul_woman
Semifinals,71610cd4-9f07-4437-a3cd-17a4f63ab1d4,Heat 1,028a9faf-bb78-4a91-9a71-9f61589d80fd,1,2,3,9.310,16.860,+0.240,seoul_woman
Semifinals,71610cd4-9f07-4437-a3cd-17a4f63ab1d4,Heat 1,028a9faf-bb78-4a91-9a71-9f61589d80fd,1,3,2,8.820,25.680,+0.380,seoul_woman
Semifinals,71610cd4-9f07-4437-a3cd-17a4f63ab1d4,Heat 1,028a9faf-bb78-4a91-9a71-9f61589d80fd,1,4,2,8.890,34.570,+0.410,seoul_woman
Semifinals,71610cd4-9f07-4437-a3cd-17a4f63ab1d4,Heat 1,028a9faf-bb78-4a91-9a71-9f61589d80fd,1,5,2,9.064,43.634,+0.266,seoul_woman
Semifinals,71610cd4-9f07-4437-a3cd-17a4f63ab1d4,Heat 1,5f41d2e8-95ba-4d77-a0e0-2849b475b983,4,1,4,7.670,7.670,+0.340,seoul_woman
Semifinals,71610cd4-9f07-4437-a3cd-17a4f63ab1d4,Heat 1,5f41d2e8-95ba-4d77-a0e0-2849b475b983,4,2,4,9.340,17.010,+0.390,seoul_woman
Semifinals,71610cd4-9f07-4437-a3cd-17a4f63ab1d4,Heat 1,5f41d2e8-95ba-4d77-a0e0-2849b475b983,4,3,3,8.750,25.760,+0.460,seoul_woman
Semifinals,71610cd4-9f07-4437-a3cd-17a4f63ab1d4,Heat 1,5f41d2e8-95ba-4d77-a0e0-2849b475b983,4,4,3,8.940,34.700,+0.540,seoul_woman
Semifinals,71610cd4-9f07-4437-a3cd-17a4f63ab1d4,Heat 1,5f41d2e8-95ba-4d77-a0e0-2849b475b983,4,5,3,8.967,43.667,+0.299,seoul_woman
Semifinals,71610cd4-9f07-4437-a3cd-17a4f63ab1d4,Heat 1,d2927e4c-0031-433f-beae-ff993a972c19,23,1,5,7.820,7.820,+0.490,seoul_woman
Semifinals,71610cd4-9f07-4437-a3cd-17a4f63ab1d4,Heat 1,d2927e4c-0031-433f-beae-ff993a972c19,23,2,5,9.480,17.300,+0.680,seoul_woman
Semifinals,71610cd4-9f07-4437-a3cd-17a4f63ab1d4,Heat 1,d2927e4c-0031-433f-beae-ff993a972c19,23,3,5,8.730,26.030,+0.730,seoul_woman
Semifinals,71610cd4-9f07-4437-a3cd-17a4f63ab1d4,Heat 1,d2927e4c-0031-433f-beae-ff993a972c19,23,4,4,9.090,35.120,+0.960,seoul_woman
Semifinals,71610cd4-9f07-4437-a3cd-17a4f63ab1d4,Heat 1,d2927e4c-0031-433f-beae-ff993a972c19,23,5,4,9.562,44.682,+1.314,seoul_woman
Semifinals,71610cd4-9f07-4437-a3cd-17a4f63ab1d4,Heat 1,e013b51e-a231-480c-af82-9c4375efe88f,90,1,2,7.380,7.380,+0.050,seoul_woman
Semifinals,71610cd4-9f07-4437-a3cd-17a4f63ab1d4,Heat 1,e013b51e-a231-480c-af82-9c4375efe88f,90,2,2,9.380,16.760,+0.140,seoul_woman
Semifinals,71610cd4-9f07-4437-a3cd-17a4f63ab1d4,Heat 1,e013b51e-a231-480c-af82-9c4375efe88f,90,3,4,9.120,25.880,+0.580,seoul_woman
Semifinals,71610cd4-9f07-4437-a3cd-17a4f63ab1d4,Heat 1,e013b51e-a231-480c-af82-9c4375efe88f,90,4,5,18.070,43.950,+9.790,seoul_woman
Semifinals,7646909d-6b35-4a3d-9d3e-2d0683dd8c33,Heat 2,5c1eed82-2fb1-4cfc-9af6-46bd36a1b3a7,27,1,2,7.220,7.220,+0.110,seoul_woman
Semifinals,7646909d-6b35-4a3d-9d3e-2d0683dd8c33,Heat 2,5c1eed82-2fb1-4cfc-9af6-46bd36a1b3a7,27,2,2,9.460,16.680,+0.140,seoul_woman
Semifinals,7646909d-6b35-4a3d-9d3e-2d0683dd8c33,Heat 2,5c1eed82-2fb1-4cfc-9af6-46bd36a1b3a7,27,3,2,8.700,25.380,+0.110,seoul_woman
Semifinals,7646909d-6b35-4a3d-9d3e-2d0683dd8c33,Heat 2,5c1eed82-2fb1-4cfc-9af6-46bd36a1b3a7,27,4,1,8.860,34.240,0.000,seoul_woman
Semifinals,7646909d-6b35-4a3d-9d3e-2d0683dd8c33,Heat 2,5c1eed82-2fb1-4cfc-9af6-46bd36a1b3a7,27,5,1,9.282,43.522,0.000,seoul_woman
Semifinals,7646909d-6b35-4a3d-9d3e-2d0683dd8c33,Heat 2,7f93311a-945e-438a-a403-9a4a0fe55a3b,32,1,1,7.110,7.110,0.000,seoul_woman
Semifinals,7646909d-6b35-4a3d-9d3e-2d0683dd8c33,Heat 2,7f93311a-945e-438a-a403-9a4a0fe55a3b,32,2,1,9.430,16.540,0.000,seoul_woman
Semifinals,7646909d-6b35-4a3d-9d3e-2d0683dd8c33,Heat 2,7f93311a-945e-438a-a403-9a4a0fe55a3b,32,3,1,8.730,25.270,0.000,seoul_woman
Semifinals,7646909d-6b35-4a3d-9d3e-2d0683dd8c33,Heat 2,7f93311a-945e-438a-a403-9a4a0fe55a3b,32,4,2,9.030,34.300,+0.060,seoul_woman
Semifinals,7646909d-6b35-4a3d-9d3e-2d0683dd8c33,Heat 2,7f93311a-945e-438a-a403-9a4a0fe55a3b,32,5,3,9.428,43.728,+0.206,seoul_woman
Semifinals,7646909d-6b35-4a3d-9d3e-2d0683dd8c33,Heat 2,3b92e263-959d-4148-bc28-6b249321e65a,86,1,5,7.520,7.520,+0.410,seoul_woman
Semifinals,7646909d-6b35-4a3d-9d3e-2d0683dd8c33,Heat 2,3b92e263-959d-4148-bc28-6b249321e65a,86,2,4,9.800,17.320,+0.780,seoul_woman
Semifinals,7646909d-6b35-4a3d-9d3e-2d0683dd8c33,Heat 2,3b92e263-959d-4148-bc28-6b249321e65a,86,3,4,8.780,26.100,+0.830,seoul_woman
Semifinals,7646909d-6b35-4a3d-9d3e-2d0683dd8c33,Heat 2,3b92e263-959d-4148-bc28-6b249321e65a,86,4,4,8.820,34.920,+0.680,seoul_woman
Semifinals,7646909d-6b35-4a3d-9d3e-2d0683dd8c33,Heat 2,3b92e263-959d-4148-bc28-6b249321e65a,86,5,4,8.961,43.881,+0.359,seoul_woman
Semifinals,7646909d-6b35-4a3d-9d3e-2d0683dd8c33,Heat 2,f0868a34-8fcf-4ba3-b9f8-893125d80fe3,105,1,4,7.360,7.360,+0.250,seoul_woman
Semifinals,7646909d-6b35-4a3d-9d3e-2d0683dd8c33,Heat 2,f0868a34-8fcf-4ba3-b9f8-893125d80fe3,105,2,5,35.840,43.200,+26.660,seoul_woman
Finals,c0cf3cf8-d784-4c86-ad34-d7695403f27c,Final A,aafbbe68-5977-440f-833c-efc955a05625,2,1,2,7.290,7.290,+0.130,seoul_woman
Finals,c0cf3cf8-d784-4c86-ad34-d7695403f27c,Final A,aafbbe68-5977-440f-833c-efc955a05625,2,2,1,9.360,16.650,0.000,seoul_woman
Finals,c0cf3cf8-d784-4c86-ad34-d7695403f27c,Final A,aafbbe68-5977-440f-833c-efc955a05625,2,3,1,8.780,25.430,0.000,seoul_woman
Finals,c0cf3cf8-d784-4c86-ad34-d7695403f27c,Final A,aafbbe68-5977-440f-833c-efc955a05625,2,4,1,8.850,34.280,0.000,seoul_woman
Finals,c0cf3cf8-d784-4c86-ad34-d7695403f27c,Final A,aafbbe68-5977-440f-833c-efc955a05625,2,5,1,9.082,43.362,0.000,seoul_woman
Finals,c0cf3cf8-d784-4c86-ad34-d7695403f27c,Final A,5c1eed82-2fb1-4cfc-9af6-46bd36a1b3a7,27,1,1,7.160,7.160,0.000,seoul_woman
Finals,c0cf3cf8-d784-4c86-ad34-d7695403f27c,Final A,5c1eed82-2fb1-4cfc-9af6-46bd36a1b3a7,27,2,2,9.520,16.680,+0.030,seoul_woman
Finals,c0cf3cf8-d784-4c86-ad34-d7695403f27c,Final A,5c1eed82-2fb1-4cfc-9af6-46bd36a1b3a7,27,3,2,8.920,25.600,+0.170,seoul_woman
Finals,c0cf3cf8-d784-4c86-ad34-d7695403f27c,Final A,5c1eed82-2fb1-4cfc-9af6-46bd36a1b3a7,27,4,2,8.790,34.390,+0.110,seoul_woman
Finals,c0cf3cf8-d784-4c86-ad34-d7695403f27c,Final A,5c1eed82-2fb1-4cfc-9af6-46bd36a1b3a7,27,5,2,9.121,43.511,+0.149,seoul_woman
Finals,c0cf3cf8-d784-4c86-ad34-d7695403f27c,Final A,5f41d2e8-95ba-4d77-a0e0-2849b475b983,4,1,3,7.450,7.450,+0.290,seoul_woman
Finals,c0cf3cf8-d784-4c86-ad34-d7695403f27c,Final A,5f41d2e8-95ba-4d77-a0e0-2849b475b983,4,2,3,9.430,16.880,+0.230,seoul_woman
Finals,c0cf3cf8-d784-4c86-ad34-d7695403f27c,Final A,5f41d2e8-95ba-4d77-a0e0-2849b475b983,4,3,3,8.860,25.740,+0.310,seoul_woman
Finals,c0cf3cf8-d784-4c86-ad34-d7695403f27c,Final A,5f41d2e8-95ba-4d77-a0e0-2849b475b983,4,4,3,8.800,34.540,+0.260,seoul_woman
Finals,c0cf3cf8-d784-4c86-ad34-d7695403f27c,Final A,5f41d2e8-95ba-4d77-a0e0-2849b475b983,4,5,3,9.051,43.591,+0.229,seoul_woman
Finals,c0cf3cf8-d784-4c86-ad34-d7695403f27c,Final A,028a9faf-bb78-4a91-9a71-9f61589d80fd,1,1,4,7.550,7.550,+0.390,seoul_woman
Finals,c0cf3cf8-d784-4c86-ad34-d7695403f27c,Final A,028a9faf-bb78-4a91-9a71-9f61589d80fd,1,2,5,9.490,17.040,+0.390,seoul_woman
Finals,c0cf3cf8-d784-4c86-ad34-d7695403f27c,Final A,028a9faf-bb78-4a91-9a71-9f61589d80fd,1,3,5,8.810,25.850,+0.420,seoul_woman
Finals,c0cf3cf8-d784-4c86-ad34-d7695403f27c,Final A,028a9faf-bb78-4a91-9a71-9f61589d80fd,1,4,5,8.950,34.800,+0.520,seoul_woman
Finals,c0cf3cf8-d784-4c86-ad34-d7695403f27c,Final A,028a9faf-bb78-4a91-9a71-9f61589d80fd,1,5,4,8.971,43.771,+0.409,seoul_woman
Finals,c0cf3cf8-d784-4c86-ad34-d7695403f27c,Final A,7f93311a-945e-438a-a403-9a4a0fe55a3b,32,1,5,7.560,7.560,+0.400,seoul_woman
Finals,c0cf3cf8-d784-4c86-ad34-d7695403f27c,Final A,7f93311a-945e-438a-a403-9a4a0fe55a3b,32,2,4,9.430,16.990,+0.340,seoul_woman
Finals,c0cf3cf8-d784-4c86-ad34-d7695403f27c,Final A,7f93311a-945e-438a-a403-9a4a0fe55a3b,32,3,4,8.770,25.760,+0.330,seoul_woman
Finals,c0cf3cf8-d784-4c86-ad34-d7695403f27c,Final A,7f93311a-945e-438a-a403-9a4a0fe55a3b,32,4,4,9.010,34.770,+0.490,seoul_woman
Finals,c0cf3cf8-d784-4c86-ad34-d7695403f27c,Final A,7f93311a-945e-438a-a403-9a4a0fe55a3b,32,5,5,9.449,44.219,+0.857,seoul_woman
Finals,a592104f-6ca3-41f7-9f3b-8e338e202944,Final B,3b92e263-959d-4148-bc28-6b249321e65a,86,1,1,7.240,7.240,0.000,seoul_woman
Finals,a592104f-6ca3-41f7-9f3b-8e338e202944,Final B,3b92e263-959d-4148-bc28-6b249321e65a,86,2,1,9.400,16.640,0.000,seoul_woman
Finals,a592104f-6ca3-41f7-9f3b-8e338e202944,Final B,3b92e263-959d-4148-bc28-6b249321e65a,86,3,1,8.860,25.500,0.000,seoul_woman
Finals,a592104f-6ca3-41f7-9f3b-8e338e202944,Final B,3b92e263-959d-4148-bc28-6b249321e65a,86,4,1,9.060,34.560,0.000,seoul_woman
Finals,a592104f-6ca3-41f7-9f3b-8e338e202944,Final B,3b92e263-959d-4148-bc28-6b249321e65a,86,5,1,9.111,43.671,0.000,seoul_woman
Finals,a592104f-6ca3-41f7-9f3b-8e338e202944,Final B,f0868a34-8fcf-4ba3-b9f8-893125d80fe3,105,1,2,7.310,7.310,+0.070,seoul_woman
Finals,a592104f-6ca3-41f7-9f3b-8e338e202944,Final B,f0868a34-8fcf-4ba3-b9f8-893125d80fe3,105,2,2,9.400,16.710,+0.070,seoul_woman
Finals,a592104f-6ca3-41f7-9f3b-8e338e202944,Final B,f0868a34-8fcf-4ba3-b9f8-893125d80fe3,105,3,2,8.870,25.580,+0.080,seoul_woman
Finals,a592104f-6ca3-41f7-9f3b-8e338e202944,Final B,f0868a34-8fcf-4ba3-b9f8-893125d80fe3,105,4,2,9.020,34.600,+0.040,seoul_woman
Finals,a592104f-6ca3-41f7-9f3b-8e338e202944,Final B,f0868a34-8fcf-4ba3-b9f8-893125d80fe3,105,5,2,9.225,43.825,+0.154,seoul_woman
Finals,a592104f-6ca3-41f7-9f3b-8e338e202944,Final B,e013b51e-a231-480c-af82-9c4375efe88f,90,1,4,7.630,7.630,+0.390,seoul_woman
Finals,a592104f-6ca3-41f7-9f3b-8e338e202944,Final B,e013b51e-a231-480c-af82-9c4375efe88f,90,2,3,9.190,16.820,+0.180,seoul_woman
Finals,a592104f-6ca3-41f7-9f3b-8e338e202944,Final B,e013b51e-a231-480c-af82-9c4375efe88f,90,3,3,8.860,25.680,+0.180,seoul_woman
Finals,a592104f-6ca3-41f7-9f3b-8e338e202944,Final B,e013b51e-a231-480c-af82-9c4375efe88f,90,4,3,9.000,34.680,+0.120,seoul_woman
Finals,a592104f-6ca3-41f7-9f3b-8e338e202944,Final B,e013b51e-a231-480c-af82-9c4375efe88f,90,5,3,9.234,43.914,+0.243,seoul_woman
Finals,a592104f-6ca3-41f7-9f3b-8e338e202944,Final B,d2927e4c-0031-433f-beae-ff993a972c19,23,1,3,7.480,7.480,+0.240,seoul_woman
Finals,a592104f-6ca3-41f7-9f3b-8e338e202944,Final B,d2927e4c-0031-433f-beae-ff993a972c19,23,2,4,9.440,16.920,+0.280,seoul_woman
Finals,a592104f-6ca3-41f7-9f3b-8e338e202944,Final B,d2927e4c-0031-433f-beae-ff993a972c19,23,3,4,8.880,25.800,+0.300,seoul_woman
Finals,a592104f-6ca3-41f7-9f3b-8e338e202944,Final B,d2927e4c-0031-433f-beae-ff993a972c19,23,4,4,9.050,34.850,+0.290,seoul_woman
Finals,a592104f-6ca3-41f7-9f3b-8e338e202944,Final B,d2927e4c-0031-433f-beae-ff993a972c19,23,5,4,9.539,44.389,+0.718,seoul_woman
